operating_cash_flow,capital_expenditures,free_cash_flow,net_income,revenue,working_capital_change,dividend_payout,share_buybacks,year_x,fcf_to_net_income,fcf_margin,total_capital_return,cash_conversion_cycle,fcf_margin_trend_1yr,fcf_trend_4q,fcf_margin_velocity_qoq,fcf_velocity_qoq,ocf_velocity_qoq,fcf_margin_acceleration,symbol,date,cost_of_revenue,inventory,current_assets,current_liabilities,ocf_to_revenue,ocf_to_revenue_yoy,fcf_to_revenue,capex_intensity,capex_intensity_trend,dio,working_capital_to_revenue,company,year_y,label,label_name
1109000000,-75000000,1034000000,353000000,3771000000,-456000000,0,0,1995,2.9291784702549575,27.41978255104747,0,1566.2768496420047,,,,,,,AXP,1995-03-31,303000000,0,20522000000,24569000000,29.408644921771415,,27.41978255104747,1.988862370723946,,0.0,-1.0731901352426412,American Express Company,1995,1,HOLD
2030000000,-75000000,1955000000,410000000,3967000000,87000000,0,0,1995,4.7682926829268295,49.28157297706075,0,1608.5026468364001,,,21.86179042601328,89.0715667311412,83.0477908025248,,AXP,1995-06-30,319000000,0,22236000000,26068000000,51.17217040584825,,49.28157297706075,1.890597428787497,,0.0,-0.965969246281825,American Express Company,1995,1,HOLD
748000000,-74000000,674000000,416000000,4054000000,-425000000,0,0,1995,1.6201923076923077,16.6255550074001,0,1663.838184509127,,,-32.65601796966065,-65.52429667519182,-63.15270935960591,-54.51780839567393,AXP,1995-09-30,310000000,0,23057000000,26719000000,18.450912678835717,,16.6255550074001,1.8253576714356192,,0.0,-0.903305377405032,American Express Company,1995,1,HOLD
-833000000,-123000000,-956000000,385000000,4049000000,-1036000000,0,0,1995,-2.483116883116883,-23.610768090886637,0,1795.1617683378613,,0.0,-40.23632309828673,-241.83976261127594,-211.36363636363632,-7.58030512862608,AXP,1995-12-31,310000000,0,23114000000,27543000000,-20.572980982958754,,-23.610768090886637,3.0377871079278833,,0.0,-1.0938503334156582,American Express Company,1995,1,HOLD
854000000,-88000000,766000000,396000000,3882000000,-465000000,0,0,1996,1.9343434343434343,19.732096857290056,0,1670.142967542504,-7.6876856937574125,0.0,43.3428649481767,-180.1255230125523,-202.52100840336135,83.57918804646343,AXP,1996-03-31,291000000,0,23392000000,27641000000,21.99896960329727,-25.19556864379261,19.732096857290056,2.266872746007213,0.2780103752832672,0.0,-1.0945388974755281,American Express Company,1996,1,HOLD
3796000000,-78000000,3718000000,452000000,4044000000,3003000000,0,0,1996,8.225663716814159,91.93867457962413,0,1748.9132047477747,42.65710160256339,1.0,72.20657772233407,385.378590078329,344.4964871194379,28.863712774157378,AXP,1996-06-30,309000000,0,24347000000,31766000000,93.86745796241345,83.43458410684441,91.93867457962413,1.9287833827893175,0.038185954001820566,0.0,-1.8345697329376855,American Express Company,1996,1,HOLD
-755000000,-133000000,-888000000,458000000,4056000000,-2439000000,0,0,1996,-1.9388646288209608,-21.893491124260358,0,1661.2179487179487,-38.51904613166046,1.0,-113.8321657038845,-123.88380849919312,-119.88935721812435,-186.03874342621856,AXP,1996-09-30,269000000,0,23344000000,26451000000,-18.61439842209073,-200.8860577582297,-21.893491124260358,3.2790927021696255,1.4537350307340062,0.0,-0.7660256410256411,American Express Company,1996,1,HOLD
1044000000,-139000000,905000000,594000000,4255000000,461000000,0,0,1996,1.5235690235690236,21.26909518213866,0,1757.7473560517037,44.87986327302529,1.0,43.16258630639902,-201.91441441441444,-238.27814569536426,156.99475201028352,AXP,1996-12-31,247000000,0,23168000000,27957000000,24.535840188014102,-219.2624452836364,21.26909518213866,3.2667450058754404,0.22895789794755705,0.0,-1.125499412455934,American Express Company,1996,1,HOLD
1329000000,-55000000,1274000000,454000000,4164000000,257000000,0,0,1997,2.806167400881057,30.595581171950048,0,1679.8414985590778,10.863484314659992,0.0,9.326485989811388,40.77348066298343,27.29885057471264,-33.83610031658763,AXP,1997-03-31,195000000,0,22334000000,33693000000,31.9164265129683,45.081461034359414,30.595581171950048,1.3208453410182517,-0.9460274049889614,0.0,-2.72790585975024,American Express Company,1997,1,HOLD
1123000000,-126000000,997000000,520000000,4422000000,-751000000,0,0,1997,1.9173076923076924,22.54635911352329,0,1647.94776119403,-69.39231546610084,1.0,-8.049222058426757,-21.742543171114605,-15.500376222723855,-17.375708048238145,AXP,1997-06-30,238000000,0,23437000000,34819000000,25.39574853007689,-72.94509824667257,22.54635911352329,2.8493894165535956,0.9206060337642781,0.0,-2.5739484396200814,American Express Company,1997,1,HOLD
1725000000,-68000000,1657000000,524000000,4500000000,864000000,0,0,1997,3.1622137404580153,36.82222222222222,0,1663.021111111111,58.71571334648258,1.0,14.275863108698932,66.1985957873621,53.60641139804096,22.32508516712569,AXP,1997-09-30,241000000,0,25117000000,28235000000,38.333333333333336,-305.9337748344371,36.82222222222222,1.511111111111111,-1.7679815910585144,0.0,-0.6928888888888889,American Express Company,1997,1,HOLD
993000000,-94000000,899000000,493000000,4674000000,315000000,0,0,1997,1.8235294117647058,19.23406076166025,0,1700.3658536585365,-2.0350344204784108,0.0,-17.588161460561974,-45.74532287266143,-42.434782608695656,-31.864024569260906,AXP,1997-12-31,250000000,0,25953000000,30014000000,21.245186136071887,-13.411621638902416,19.23406076166025,2.011125374411639,-1.2556196314638015,0.0,-0.8688489516474112,American Express Company,1997,1,HOLD
1454000000,-111000000,1343000000,460000000,4521000000,245000000,0,0,1998,2.9195652173913045,29.705817297058175,0,1622.2760451227605,-0.889763874891873,1.0,10.471756535397926,49.38820912124582,46.42497482376638,28.0599179959599,AXP,1998-03-31,226000000,0,24436000000,27875000000,32.161026321610265,0.7663759241423262,29.705817297058175,2.45520902455209,1.1343636835338384,0.0,-0.7606724176067242,American Express Company,1998,1,HOLD
2469000000,-335000000,2134000000,578000000,4761000000,461000000,0,0,1998,3.6920415224913494,44.82251627809284,0,1575.1501785339217,22.27615716456955,1.0,15.116698981034666,58.89798957557706,69.80742778541953,4.64494244563674,AXP,1998-06-30,250000000,0,24047000000,27327000000,51.8588531821046,104.20289293968526,44.82251627809284,7.036336904011763,4.186947487458167,0.0,-0.6889308968704054,American Express Company,1998,1,HOLD
887000000,-144000000,743000000,574000000,4787000000,48000000,0,0,1998,1.2944250871080138,15.521203258825986,0,1589.0881554209318,-21.30101896339624,0.0,-29.301313019266857,-65.18275538894096,-64.07452409882544,-44.41801200030152,AXP,1998-09-30,256000000,0,27435000000,31079000000,18.529350323793608,-51.662564372712325,15.521203258825986,3.0081470649676207,1.4970359538565097,0.0,-0.7612283267181951,American Express Company,1998,1,HOLD
-397000000,-272000000,-669000000,530000000,5063000000,-761000000,0,0,1998,-1.2622641509433963,-13.213509776812165,0,1602.164724471657,-32.44757053847241,0.0,-28.73471303563815,-190.04037685060564,-144.7576099210823,0.5665999836287057,AXP,1998-12-31,267000000,0,26316000000,33003000000,-7.84120086904997,-136.9081297703319,-13.213509776812165,5.372308907762196,3.3611835333505575,0.0,-1.3207584436105075,American Express Company,1998,1,HOLD
1565000000,-215000000,1350000000,575000000,4971000000,348000000,0,0,1999,2.347826086956522,27.157513578756788,0,1615.7362703681351,-2.548303718301387,0.0,40.37102335556895,-301.7937219730942,-494.2065491183879,69.1057363912071,AXP,1999-03-31,234000000,0,27443000000,32240000000,31.482599074632873,-2.1094701400170557,27.157513578756788,4.325085495876081,1.869876471323991,0.0,-0.9649969824984912,American Express Company,1999,1,HOLD
2893000000,-144000000,2749000000,646000000,5298000000,1608000000,0,0,1999,4.255417956656347,51.887504718761804,0,1580.7021517553794,7.064988440668962,1.0,24.729991140005016,103.62962962962965,84.85623003194888,-15.641032215563936,AXP,1999-06-30,255000000,0,29040000000,33847000000,54.60551151377878,5.296411631065512,51.887504718761804,2.7180067950169877,-4.318330108994775,0.0,-0.9073235183087958,American Express Company,1999,1,HOLD
1701000000,-203000000,1498000000,648000000,5311000000,469000000,0,0,1999,2.3117283950617282,28.205610996045944,0,1677.1031820749388,12.684407737219958,1.0,-23.68189372271586,-45.507457257184434,-41.202903560318006,-48.411884862720875,AXP,1999-09-30,262000000,0,29505000000,34807000000,32.02786669177179,72.84937751241438,28.205610996045944,3.822255695725852,0.8141086307582315,0.0,-0.9983054038787422,American Express Company,1999,1,HOLD
1226000000,-257000000,969000000,606000000,5698000000,80000000,0,0,1999,1.599009900990099,17.00596700596701,0,1695.411547911548,30.219476782779175,0.0,-11.199643990078936,-35.313751668891854,-27.924750146972364,12.482249732636923,AXP,1999-12-31,301000000,0,33938000000,42824000000,21.516321516321515,-374.40084593736987,17.00596700596701,4.51035451035451,-0.8619543974076862,0.0,-1.5594945594945595,American Express Company,1999,1,HOLD
2710000000,-175000000,2535000000,656000000,5657000000,1376000000,0,0,2000,3.864329268292683,44.81173767014319,0,1690.601025278416,17.6542240913864,0.0,27.80577066417618,161.60990712074303,121.04404567699838,39.00541465425512,AXP,2000-03-31,299000000,0,33627000000,41278000000,47.905250132579106,52.164216235815154,44.81173767014319,3.0935124624359203,-1.231573033440161,0.0,-1.3524836485769842,American Express Company,2000,1,HOLD
3369000000,-192000000,3177000000,740000000,5970000000,1716000000,0,0,2000,4.293243243243243,53.21608040201005,0,1650.4480737018425,1.3285756832482463,1.0,8.404342731866862,25.325443786982248,24.317343173431727,-19.401427932309318,AXP,2000-06-30,345000000,0,33836000000,39703000000,56.43216080402011,3.345173847113214,53.21608040201005,3.2160804020100504,0.4980736069930627,0.0,-0.9827470686767169,American Express Company,2000,1,HOLD
193000000,-333000000,-140000000,737000000,5981000000,-1256000000,0,0,2000,-0.18995929443690637,-2.340745694699883,0,1754.4532686841665,-30.546356690745828,0.0,-55.55682609670993,-104.40667296191376,-94.27129712080736,-63.961168828576795,AXP,2000-09-30,352000000,0,37708000000,44150000000,3.2268851362648383,-89.9247578138139,-2.340745694699883,5.567630830964722,1.74537513523887,0.0,-1.077077411804046,American Express Company,2000,1,HOLD
81000000,-219000000,-138000000,677000000,6066000000,-1383000000,0,0,2000,-0.2038404726735598,-2.274975272007913,0,1837.816518298714,-19.280942277974923,0.0,0.06577042269196998,-1.4285714285714235,-58.03108808290156,55.6225965194019,AXP,2000-12-31,357000000,0,39030000000,49900000000,1.3353115727002967,-93.79395975428524,-2.274975272007913,3.6102868447082095,-0.9000676656463007,0.0,-1.7919551599076822,American Express Company,2000,1,HOLD
1745000000,-175000000,1570000000,538000000,5719000000,204000000,0,0,2001,2.9182156133828996,27.45235180975695,0,1759.326805385557,-17.359385860386237,0.0,29.727327081764866,-1237.6811594202898,2054.320987654321,29.661556659072897,AXP,2001-03-31,361000000,0,35630000000,44518000000,30.512327329952786,-36.30692409389561,27.45235180975695,3.0599755201958385,-0.033536942240081746,0.0,-1.5541178527714636,American Express Company,2001,1,HOLD
2934000000,-185000000,2749000000,178000000,5268000000,1194000000,0,0,2001,15.4438202247191,52.182991647684126,0,2051.7046317388003,-1.0330887543259237,1.0,24.730639837927175,75.09554140127388,68.13753581661892,-4.996687243837691,AXP,2001-06-30,412000000,0,38093000000,45118000000,55.694760820045566,-1.3067016634989659,52.182991647684126,3.511769172361427,0.29568877035137664,0.0,-1.3335231586940015,American Express Company,2001,1,HOLD
473000000,-208000000,265000000,298000000,5724000000,-1293000000,0,0,2001,0.889261744966443,4.62962962962963,0,1802.8729909154438,6.970375324329513,1.0,-47.5533620180545,-90.36013095671154,-83.87866394001364,-72.28400185598167,AXP,2001-09-30,385000000,0,38133000000,43883000000,8.26345213137666,156.08138444437208,4.62962962962963,3.6338225017470296,-1.9338083292176926,0.0,-1.0045422781271838,American Express Company,2001,1,HOLD
172000000,-291000000,-119000000,297000000,5871000000,-1171000000,0,0,2001,-0.4006734006734007,-2.0269119400442857,0,1833.8903082950092,0.2480633319636274,0.0,-6.656541569673916,-144.90566037735852,-63.63636363636363,40.89682044838058,AXP,2001-12-31,342000000,0,36720000000,46126000000,2.9296542326690513,119.39855031321565,-2.0269119400442857,4.9565661727133365,1.346279328005127,0.0,-1.6021120763072731,American Express Company,2001,1,HOLD
1437000000,-196000000,1241000000,618000000,5759000000,-74000000,0,0,2002,2.0080906148867315,21.5488800138913,0,1725.6850147595069,-5.903471795865652,0.0,23.575791953935585,-1142.857142857143,735.4651162790697,30.2323335236095,AXP,2002-03-31,271000000,0,34731000000,38673000000,24.952248654280258,-18.22240111528435,21.5488800138913,3.403368640388956,0.3433931201931175,0.0,-0.6844938357353707,American Express Company,2002,1,HOLD
3417000000,-176000000,3241000000,683000000,5945000000,1678000000,0,0,2002,4.745241581259151,54.516400336417156,0,1682.0084104289317,2.33340868873303,1.0,32.96752032252586,161.16035455278,137.78705636743217,9.391728368590272,AXP,2002-06-30,277000000,0,36299000000,32440000000,57.47687132043734,3.1997812256522984,54.516400336417156,2.960470984020185,-0.5512981883412422,0.0,0.649116904962153,American Express Company,2002,1,HOLD
-214000000,-210000000,-424000000,687000000,5907000000,-1649000000,0,0,2002,-0.6171761280931587,-7.177924496360251,0,1713.4670729642799,-11.807554125989881,0.0,-61.694324832777404,-113.08238198087011,-106.26280362891424,-94.66184515530327,AXP,2002-09-30,264000000,0,35723000000,33308000000,-3.622820382596919,-143.84148809721938,-7.177924496360251,3.5551041137633312,-0.07871838798369835,0.0,0.40883697308278316,American Express Company,2002,1,HOLD
4034000000,-88000000,3946000000,683000000,6196000000,2123000000,0,0,2002,5.777452415812592,63.686249193027756,0,1713.4853131052291,65.71316113307203,1.0,70.86417368938801,-1030.6603773584905,-1985.0467289719627,132.55849852216542,AXP,2002-12-31,270000000,0,39375000000,39420000000,65.10652033570045,2122.32779587731,63.686249193027756,1.4202711426726922,-3.5362950300406446,0.0,-0.007262750161394448,American Express Company,2002,1,HOLD
-1282000000,-166000000,-1448000000,692000000,6023000000,-2765000000,0,0,2003,-2.092485549132948,-24.0411754939399,0,1687.3144612319443,-45.590055507831195,0.0,-87.72742468696765,-136.6953877344146,-131.77987109568664,-158.59159837635565,AXP,2003-03-31,230000000,0,36248000000,35391000000,-21.28507388344679,-185.30322929350734,-24.0411754939399,2.7561016104931095,-0.6472670298958465,0.0,0.1422878963971443,American Express Company,2003,1,HOLD
1072000000,-151000000,921000000,762000000,6356000000,-364000000,0,0,2003,1.2086614173228347,14.490245437382002,0,1683.3299244808056,-40.026154899035156,1.0,38.531420931321904,-163.6049723756906,-183.61934477379097,126.25884561828956,AXP,2003-06-30,231000000,0,36002000000,35779000000,16.865953429830082,-70.65610385123212,14.490245437382002,2.3757079924480804,-0.5847629915721044,0.0,0.035084959093769665,American Express Company,2003,1,HOLD
1690000000,-397000000,1293000000,770000000,6419000000,-190000000,0,0,2003,1.6792207792207792,20.143324505374668,0,1694.8987381212025,27.32124900173492,0.0,5.653079067992666,40.39087947882736,57.649253731343286,-32.87834186332924,AXP,2003-09-30,239000000,0,35835000000,35084000000,26.32808848730332,-826.7290593200969,20.143324505374668,6.18476398192865,2.6296598681653185,0.0,0.11699641688736563,American Express Company,2003,1,HOLD
1058000000,-307000000,751000000,763000000,7068000000,-388000000,0,0,2003,0.9842726081258192,10.625353706847765,0,1614.7686757215617,-53.06089548617999,1.0,-9.517970798526903,-41.918020108275336,-37.39644970414201,-15.171049866519569,AXP,2003-12-31,205000000,0,36995000000,40296000000,14.968873797396718,-77.00864103900098,10.625353706847765,4.343520090548953,2.923248947876261,0.0,-0.4670345217883418,American Express Company,2003,1,HOLD
1972000000,-149000000,1823000000,794000000,6910000000,117000000,0,0,2004,2.295969773299748,26.382054992764107,0,1643.556439942113,50.42323048670401,1.0,15.756701285916343,142.74300932090546,86.38941398865785,25.274672084443246,AXP,2004-03-31,203000000,0,35932000000,37335000000,28.5383502170767,-234.07682009161698,26.382054992764107,2.1562952243125904,-0.5998063861805192,0.0,-0.20303907380607814,American Express Company,2004,1,HOLD
1604000000,-181000000,1423000000,876000000,7258000000,-135000000,0,0,2004,1.6244292237442923,19.605952052907135,0,1589.2938826122897,5.1157066155251325,1.0,-6.7761029398569725,-21.941854086670322,-18.661257606490878,-22.532804225773315,AXP,2004-06-30,210000000,0,37674000000,39026000000,22.099751997795536,31.031738524242947,19.605952052907135,2.493799944888399,0.11809195244031878,0.0,-0.1862772113529898,American Express Company,2004,1,HOLD
3453000000,-194000000,3259000000,879000000,5476000000,1285000000,0,0,2004,3.707622298065984,59.51424397370343,0,2127.4114317019726,39.370919468328765,1.0,39.908291920796295,129.02319044272664,115.27431421446383,46.68439486065327,AXP,2004-09-30,201000000,0,39538000000,30334000000,63.056975894813725,139.50457294012386,59.51424397370343,3.5427319211102994,-2.6420320608183503,0.0,1.6807888970051132,American Express Company,2004,1,HOLD
2114000000,-216000000,1898000000,896000000,7745000000,412000000,0,0,2004,2.1183035714285716,24.50613298902518,0,1526.8263395739186,13.880779282177414,1.0,-35.008110984678254,-41.76127646517337,-38.777874312192296,-74.91640290547454,AXP,2004-12-31,238000000,0,41304000000,34423000000,27.295029051000647,82.34524133504024,24.50613298902518,2.7888960619754677,-1.5546240285734854,0.0,0.8884441575209813,American Express Company,2004,1,HOLD
1842000000,-145000000,1697000000,946000000,5640000000,-274000000,0,0,2005,1.7938689217758985,30.088652482269502,0,2178.868794326241,3.706597489505395,1.0,5.582519493244323,-10.590094836670183,-12.866603595080417,40.59063047792257,AXP,2005-03-31,711000000,0,43931000000,33611000000,32.659574468085104,14.441003841008149,30.088652482269502,2.5709219858156027,0.41462676150301236,0.0,1.8297872340425532,American Express Company,2005,1,HOLD
3843000000,-176000000,3667000000,1013000000,6020000000,2114000000,0,0,2005,3.6199407699901283,60.91362126245847,0,2129.9750830564785,41.307669209551335,1.0,30.824968780188968,116.08721272834414,108.63192182410421,25.242449286944645,AXP,2005-06-30,232000000,0,45330000000,36879000000,63.83720930232558,188.85939221713159,60.91362126245847,2.9235880398671097,0.4297880949787105,0.0,1.4038205980066445,American Express Company,2005,1,HOLD
1965000000,-85000000,1880000000,1030000000,6028000000,-543000000,0,0,2005,1.825242718446602,31.187790311877905,0,2001.8082282680823,-28.326453661825525,0.0,-29.725830950580566,-48.73193346059449,-48.86807181889149,-60.55079973076953,AXP,2005-09-30,238000000,0,40683000000,37208000000,32.597876575978766,-48.30409147695924,31.187790311877905,1.4100862641008627,-2.1326456570094368,0.0,0.5764764432647644,American Express Company,2005,1,HOLD
395000000,-202000000,193000000,745000000,6437000000,-260000000,0,0,2005,0.25906040268456376,2.998291129408109,0,-296.1053285692092,-21.50784185961707,0.0,-28.189499182469795,-89.73404255319149,-79.89821882951654,1.5363317681107702,AXP,2005-12-31,249000000,0,9638000000,54890000000,6.13639894360727,-77.5182545798305,2.998291129408109,3.138107814199161,0.3492117522236935,0.0,-7.0299829112940815,American Express Company,2005,1,HOLD
2005000000,-123000000,1882000000,873000000,6720000000,-40000000,0,0,2006,2.1557846506300113,28.00595238095238,0,1856.2313988095239,-2.0827001013171227,0.0,25.00766125154427,875.1295336787564,407.5949367088608,53.197160434014066,AXP,2006-03-31,1335000000,0,39568000000,35245000000,29.836309523809522,-8.644524585078328,28.00595238095238,1.830357142857143,-0.7405648429584597,0.0,0.6433035714285714,American Express Company,2006,1,HOLD
2452000000,-141000000,2311000000,945000000,6885000000,609000000,0,0,2006,2.4455026455026454,33.56572258533043,0,1897.6289034132171,-27.347898677128043,1.0,5.559770204378047,22.79489904357066,22.294264339152114,-19.447891047166223,AXP,2006-06-30,743000000,0,42593000000,37091000000,35.61365286855483,-44.21176417676293,33.56572258533043,2.047930283224401,-0.8756577566427088,0.0,0.7991285403050109,American Express Company,2006,1,HOLD
2292000000,-189000000,2103000000,967000000,6992000000,604000000,0,0,2006,2.1747673216132366,30.077231121281468,0,1903.0949656750574,-1.1105591905964367,1.0,-3.488491464048959,-9.000432713111206,-6.5252854812398065,-9.048261668427006,AXP,2006-09-30,1514000000,0,44434000000,37081000000,32.78032036613273,0.5596799832305654,30.077231121281468,2.7030892448512587,1.293002980750396,0.0,1.0516304347826086,American Express Company,2006,1,HOLD
2256000000,-408000000,1848000000,922000000,8850000000,590000000,0,0,2006,2.004338394793926,20.88135593220339,0,-263.8310734463277,17.883064802795282,0.0,-9.195875189078077,-12.125534950071327,-1.5706806282722474,-5.707383725029118,AXP,2006-12-31,1980000000,0,8247000000,43137000000,25.49152542372881,315.4150611456768,20.88135593220339,4.610169491525424,1.4720616773262627,0.0,-3.942372881355932,American Express Company,2006,1,HOLD
2339000000,-204000000,2135000000,1057000000,7327000000,377000000,0,-951000000,2007,2.019867549668874,29.138801692370684,-951000000,1868.7382284700425,1.1328493114183047,0.0,8.257445760167293,15.530303030303028,3.6790780141843893,17.45332094924537,AXP,2007-03-31,1702000000,0,45492000000,37552000000,31.923024430189713,6.993877391957559,29.138801692370684,2.784222737819025,0.9538655949618822,0.0,1.0836631636413265,American Express Company,2007,1,HOLD
3048000000,-408000000,2640000000,1057000000,8199000000,761000000,0,0,2007,2.4976348155156103,32.19904866447128,0,1758.4906695938528,-1.3666739208591494,1.0,3.060246972100593,23.653395784543328,30.312099187687046,-5.1971987880667,AXP,2007-06-30,1069000000,0,46872000000,38427000000,37.1752652762532,4.384870076265601,32.19904866447128,4.976216611781925,2.928286328557524,0.0,1.0300036589828028,American Express Company,2007,1,HOLD
3840000000,-230000000,3610000000,1067000000,7953000000,1400000000,0,0,2007,3.3833177132146206,45.39167609707029,0,1846.3410033949456,15.31444497578882,1.0,13.19262743259901,36.74242424242424,25.984251968503933,10.132380460498418,AXP,2007-09-30,1008000000,0,48640000000,24478000000,48.28366654092795,47.29467559082383,45.39167609707029,2.891990443857664,0.18890119900640512,0.0,3.038098830629951,American Express Company,2007,1,HOLD
-743000000,-300000000,-1043000000,831000000,8400000000,-2606000000,0,-4093,2007,-1.2551143200962696,-12.416666666666666,-4093,-202.87916666666666,-33.298022598870055,0.0,-57.80834276373695,-128.89196675900277,-119.34895833333331,-71.00097019633597,AXP,2007-12-31,1036000000,0,12567000000,48095000000,-8.845238095238095,-134.69873986828773,-12.416666666666666,3.571428571428571,-1.0387409200968527,0.0,-4.229523809523809,American Express Company,2007,1,HOLD
4584000000,-191000000,4393000000,991000000,8211000000,2163000000,0,-219000000,2008,4.432896064581231,53.50140056022409,-219000000,1826.4224820362929,24.362598867853407,1.0,65.91806722689076,-521.188878235858,-716.9582772543743,123.7264099906277,AXP,2008-03-31,2182000000,0,60576000000,32989000000,55.82754841066861,74.88176451687426,53.50140056022409,2.3261478504445257,-0.45807488737449953,0.0,3.359761295822677,American Express Company,2008,1,HOLD
3401000000,-192000000,3209000000,653000000,8358000000,977000000,0,0,2008,4.914241960183767,38.39435271596076,0,1863.2555635319457,6.1953040514894795,0.0,-15.107047844263334,-26.951969041657186,-25.80715532286213,-81.02511507115409,AXP,2008-06-30,2727000000,0,62757000000,32365000000,40.69155300311079,9.45867554872224,38.39435271596076,2.297200287150036,-2.6790163246318888,0.0,3.6362766212012443,American Express Company,2008,1,HOLD
775000000,-235000000,540000000,815000000,8048000000,-2037000000,0,0,2008,0.6625766871165644,6.709741550695824,0,1846.1797962226642,-38.681934546374464,1.0,-31.684611165264933,-83.17232782798379,-77.21258453396061,-16.5775633210016,AXP,2008-09-30,2243000000,0,56263000000,25768000000,9.62972166998012,-80.05594363506461,6.709741550695824,2.9199801192842942,0.027989675426630445,0.0,3.7891401590457257,American Express Company,2008,1,HOLD
-94000000,-359000000,-453000000,240000000,7443000000,-3110000000,0,0,2008,-1.8875,-6.086255542120113,0,-158.29907295445383,6.330411124546553,0.0,-12.795997092815938,-183.8888888888889,-112.12903225806453,18.888614072448995,AXP,2008-12-31,2091000000,0,39878000000,40595000000,-1.262931613596668,-85.72190369554238,-6.086255542120113,4.823323928523445,1.2518953570948739,0.0,-0.09633212414349053,American Express Company,2008,1,HOLD
1188000000,-88000000,1100000000,437000000,6481000000,-1103000000,0,0,2009,2.517162471395881,16.972689399783984,0,1366.9055701280668,-36.52871116044011,0.0,23.058944941904098,-342.8256070640177,-1363.8297872340424,35.85494203472004,AXP,2009-03-31,2358000000,0,53138000000,34955000000,18.3305045517667,-67.16584361375297,16.972689399783984,1.3578151519827186,-0.968332698461807,0.0,2.8055855577842927,American Express Company,2009,1,HOLD
1968000000,-246000000,1722000000,337000000,6639000000,612000000,0,0,2009,5.109792284866469,25.93764121102576,0,1448.949389968369,-12.456711504934997,1.0,8.964951811241775,56.54545454545455,65.65656565656566,-14.093993130662323,AXP,2009-06-30,2131000000,0,50256000000,36580000000,29.64301852688658,-27.15191154139429,25.93764121102576,3.7053773158608223,1.4081770287107864,0.0,2.059948787467992,American Express Company,2009,1,HOLD
2436000000,-157000000,2279000000,640000000,6559000000,149000000,0,0,2009,3.5609375,34.74615032779387,0,1447.7016313462418,28.036408777098046,1.0,8.80850911676811,32.34610917537746,23.78048780487805,-0.15644269447366455,AXP,2009-09-30,1721000000,0,53443000000,40591000000,37.13980789754536,285.67893414121943,34.74615032779387,2.393657569751486,-0.5263225495328081,0.0,1.959445037353255,American Express Company,2009,1,HOLD
792000000,-281000000,511000000,716000000,6840000000,-334000000,0,0,2009,0.7136871508379888,7.47076023391813,0,-178.07090643274853,13.557015776038241,0.0,-27.275390093875743,-77.57788503729705,-67.48768472906403,-36.08389921064385,AXP,2009-12-31,1120000000,0,28503000000,44980000000,11.578947368421053,-1016.8309070548712,7.47076023391813,4.108187134502924,-0.7151367940205207,0.0,-2.4089181286549706,American Express Company,2009,1,HOLD
1076000000,-153000000,923000000,885000000,7158000000,-1173000000,0,0,2010,1.0429378531073445,12.894663313774798,0,1362.962419670299,-4.078026086009187,0.0,5.423903079856668,80.62622309197651,35.858585858585855,32.699293173732414,AXP,2010-03-31,1541000000,0,57022000000,39246000000,15.032131880413523,-17.99390006989895,12.894663313774798,2.137468566638726,0.7796534146560072,0.0,2.483375244481699,American Express Company,2010,1,HOLD
3374000000,-176000000,3198000000,1017000000,7415000000,880000000,0,0,2010,3.144542772861357,43.12879298718813,0,1355.7916385704652,17.191151776162368,1.0,30.234129673413328,246.4788732394366,213.56877323420073,24.81022659355666,AXP,2010-06-30,1262000000,0,57733000000,40464000000,45.50236008091706,53.501101919313186,43.12879298718813,2.3735670937289277,-1.3318102221318946,0.0,2.3289278489548213,American Express Company,2010,1,HOLD
2777000000,-263000000,2514000000,1093000000,7583000000,976000000,0,0,2010,2.3000914913083257,33.15310563101675,0,1324.74350520902,-1.5930446967771204,1.0,-9.975687356171377,-21.38836772983115,-17.694131594546537,-40.209817029584705,AXP,2010-09-30,983000000,0,59373000000,40794000000,36.621389951206645,-1.3958552175844186,33.15310563101675,3.4682843201898983,1.0746267504384122,0.0,2.4500857180535407,American Express Company,2010,1,HOLD
2061000000,-295000000,1766000000,1062000000,7747000000,2000000,0,0,2010,1.6629001883239172,22.795921001678067,0,-289.14483025687366,15.325160767759938,1.0,-10.357184629338683,-29.753381066030226,-25.783219301404394,-0.3814972731673052,AXP,2010-12-31,844000000,0,21712000000,50005000000,26.603846650316253,129.76049379818582,22.795921001678067,3.8079256486381823,-0.3002614858647421,0.0,-3.652123402607461,American Express Company,2010,1,HOLD
751000000,-255000000,496000000,1177000000,7624000000,-697000000,0,0,2011,0.421410365335599,6.505771248688353,0,1468.2345225603358,-6.388892065086445,0.0,-16.290149752989713,-71.91392978482446,-63.56137797185832,-5.93296512365103,AXP,2011-03-31,690000000,0,62813000000,45249000000,9.850472193074502,-34.47055765982594,6.505771248688353,3.344700944386149,1.207232377747423,0.0,2.3037775445960125,American Express Company,2011,1,HOLD
3638000000,-303000000,3335000000,1331000000,8195000000,1119000000,0,0,2011,2.505634861006762,40.69554606467358,0,1445.3910921293473,-2.4332469225145488,1.0,34.189774815985224,572.3790322580645,384.4207723035952,50.47992456897494,AXP,2011-06-30,934000000,0,65997000000,52157000000,44.39292251372788,-2.4381978543887795,40.69554606467358,3.6973764490543015,1.3238093553253738,0.0,1.6888346552776083,American Express Company,2011,1,HOLD
2599000000,-327000000,2272000000,1235000000,8146000000,151000000,0,-1200000000,2011,1.8396761133603239,27.89098944267125,-1200000000,1447.409157868893,-5.262116188345502,1.0,-12.80455662200233,-31.874062968515737,-28.559648158328756,-46.994331437987555,AXP,2011-09-30,824000000,0,67438000000,52431000000,31.9052295605205,-12.878157811513514,27.89098944267125,4.014240117849251,0.545955797659353,0.0,1.842253866928554,American Express Company,2011,1,HOLD
3487000000,-304000000,3183000000,1192000000,8317000000,1854000000,0,-350000000,2011,2.670302013422819,38.271011181916556,-350000000,-298.46879884573764,15.475090180238489,1.0,10.380021739245308,40.0968309859155,34.166987302808785,23.184578361247638,AXP,2011-12-31,984000000,0,30928000000,59682000000,41.926175303595045,57.594410517685965,38.271011181916556,3.65516412167849,-0.15276152695969225,0.0,-3.457256222195503,American Express Company,2011,1,HOLD
3432000000,-266000000,3166000000,1256000000,8161000000,1370000000,0,-171000000,2012,2.520700636942675,38.7942654086509,-171000000,1455.0355348609237,32.288494159962546,0.0,0.5232542267343447,-0.534087338988376,-1.577287066246058,-9.856767512510963,AXP,2012-03-31,986000000,0,70992000000,58082000000,42.053669893395416,326.92034522935637,38.7942654086509,3.2594044847445165,-0.08529645964163235,0.0,1.5819139811297636,American Express Company,2012,1,HOLD
3310000000,-230000000,3080000000,1339000000,8515000000,1014000000,0,-1778000000,2012,2.3002240477968634,36.1714621256606,-1778000000,1378.169700528479,-4.524083939012982,1.0,-2.6228032829903043,-2.7163613392293118,-3.5547785547785593,-3.146057509724649,AXP,2012-06-30,1011000000,0,65991000000,51282000000,38.872577803875515,-12.435191010786184,36.1714621256606,2.701115678214915,-0.9962607708393865,0.0,1.7274221961244862,American Express Company,2012,1,HOLD
3872000000,-269000000,3603000000,1250000000,8420000000,1971000000,0,-1004000000,2012,2.8824,42.79097387173397,-1004000000,1391.0314726840852,14.89998442906272,1.0,6.619511746073371,16.980519480519483,16.978851963746223,9.242315029063676,AXP,2012-09-30,1037000000,0,70325000000,54315000000,45.98574821852732,44.13232204237152,42.79097387173397,3.194774346793349,-0.8194657710559023,0.0,1.9014251781472684,American Express Company,2012,1,HOLD
-3532000000,-288000000,-3820000000,637000000,8685000000,-5251000000,0,-999000000,2012,-5.996860282574568,-43.9838802533103,-999000000,-270.230282095567,-82.25489143522685,0.0,-86.77485412504427,-206.02275881210105,-191.21900826446281,-93.39436587111764,AXP,2012-12-31,1182000000,0,27786000000,59803000000,-40.6678180771445,-196.9986357750533,-43.9838802533103,3.316062176165803,-0.33910194551268713,0.0,-3.6864709268854345,American Express Company,2012,1,HOLD
7547000000,-204000000,7343000000,1280000000,8400000000,5427000000,0,-787000000,2013,5.73671875,87.41666666666667,-787000000,-481.75654761904764,48.62240125801577,1.0,131.400546919977,-292.22513089005236,-313.67497168742926,218.17540104502126,AXP,2013-03-31,935000000,0,31107000000,63122000000,89.8452380952381,113.64422730047733,87.41666666666667,2.4285714285714284,-0.8308330561730881,0.0,-3.811309523809524,American Express Company,2013,1,HOLD
2682000000,-271000000,2411000000,1405000000,8737000000,534000000,0,-1355000000,2013,1.7160142348754448,27.595284422570675,-1355000000,-464.0935103582466,-8.576177703089922,0.0,-59.821382244096,-67.16600844341549,-64.46270041075924,-191.221929164073,AXP,2013-06-30,1010000000,0,26333000000,61914000000,30.697035595742246,-21.03164407923105,27.595284422570675,3.1017511731715692,0.4006354949566542,0.0,-4.072450497882568,American Express Company,2013,1,HOLD
-2026000000,-160000000,-2186000000,1366000000,8785000000,-4089000000,0,-1058000000,2013,-1.6002928257686677,-24.883323847467274,-1058000000,-329.5594763801935,-67.67429771920123,1.0,-52.47860827003795,-190.66777270841976,-175.5406413124534,7.342773974058048,AXP,2013-09-30,903000000,0,25715000000,61183000000,-23.0620375640296,-150.15040193417593,-24.883323847467274,1.821286283437678,-1.373488063355671,0.0,-4.037336368810473,American Express Company,2013,1,HOLD
344000000,-371000000,-27000000,1308000000,9006000000,-1881000000,0,-743000000,2013,-0.020642201834862386,-0.29980013324450366,-743000000,-292.08916278036867,43.6840801200658,0.0,24.58352371422277,-98.76486733760292,-116.97926949654492,77.06213198426073,AXP,2013-12-31,991000000,0,24892000000,63849000000,3.8196757717077507,-109.39237941032893,-0.29980013324450366,4.119475904952254,0.8034137287864511,0.0,-4.3256717743726405,American Express Company,2013,1,HOLD
3285000000,-226000000,3059000000,1432000000,8612000000,987000000,0,-961000000,2014,2.136173184357542,35.52020436600093,-961000000,-369.1535067347887,-51.89646230066574,1.0,35.820004499245435,-11429.62962962963,854.9418604651162,11.236480785022664,AXP,2014-03-31,924000000,0,23874000000,61179000000,38.14444960520204,-57.544272335537684,35.52020436600093,2.624245239201115,0.1956738106296867,0.0,-4.331746400371575,American Express Company,2014,1,HOLD
1600000000,-320000000,1280000000,1529000000,9074000000,-319000000,0,-1130000000,2014,0.8371484630477436,14.106237601939608,-1130000000,-317.45426493277495,-13.489046820631067,1.0,-21.413966764061325,-58.15626021575678,-51.2937595129376,-57.233971263306756,AXP,2014-06-30,932000000,0,22183000000,60935000000,17.63279700242451,-42.558632583824405,14.106237601939608,3.526559400484902,0.4248082273133327,0.0,-4.270663433987216,American Express Company,2014,1,HOLD
3701000000,-308000000,3393000000,1477000000,8723000000,1541000000,0,-1114000000,2014,2.2972241029113065,38.89716840536513,-1114000000,-371.5275707898659,63.7804922528324,1.0,24.79093080342552,165.078125,131.3125,46.204897567486846,AXP,2014-09-30,908000000,0,23895000000,61134000000,42.42806373953915,-283.9736130068368,38.89716840536513,3.5308953341740232,1.7096090507363453,0.0,-4.2690588100424165,American Express Company,2014,1,HOLD
2404000000,-341000000,2063000000,1447000000,8768000000,491000000,0,-1184000000,2014,1.4257083621285418,23.52874087591241,-1184000000,-361.58645072992704,23.82854100915691,0.0,-15.36842752945272,-39.19834954317712,-35.04458254525804,-40.15935833287824,AXP,2014-12-31,987000000,0,26528000000,64697000000,27.417883211678834,617.8065587336615,23.52874087591241,3.889142335766423,-0.2303335691858308,0.0,-4.353216240875913,American Express Company,2014,1,HOLD
2126000000,-256000000,1870000000,1525000000,8360000000,-360000000,0,-791000000,2015,1.2262295081967214,22.36842105263158,-791000000,-361.90011961722485,-13.151783313369354,1.0,-1.1603198232808296,-9.355307804168689,-11.56405990016639,14.20810770617189,AXP,2015-03-31,830000000,0,25926000000,61296000000,25.430622009569376,-33.3307407164653,22.36842105263158,3.062200956937799,0.43795571773668396,0.0,-4.230861244019139,American Express Company,2015,1,HOLD
2175000000,-281000000,1894000000,1473000000,8698000000,-23000000,0,-1180000000,2015,1.2858112695179904,21.775120717406303,-1180000000,-346.24223959530934,7.668883115466695,0.0,-0.5933003352252761,1.2834224598930577,2.304797742238951,0.5670194880555535,AXP,2015-06-30,881000000,0,23876000000,65933000000,25.005748447919064,41.813850885261,21.775120717406303,3.230627730512762,-0.29593166997213993,0.0,-4.8352494826396875,American Express Company,2015,1,HOLD
3773000000,-342000000,3431000000,1266000000,8592000000,1772000000,0,-1359000000,2015,2.7101105845181674,39.93249534450652,-1359000000,-374.8131983240223,1.0353269391413917,1.0,18.157374627100218,81.15100316789862,73.4712643678161,18.750674962325494,AXP,2015-09-30,928000000,0,22455000000,66845000000,43.912942271880816,3.4997555897369192,39.93249534450652,3.9804469273743015,0.44955159320027827,0.0,-5.166433891992551,American Express Company,2015,1,HOLD
2898000000,-462000000,2436000000,899000000,8730000000,649000000,0,-1150000000,2015,2.7096774193548385,27.903780068728523,-1150000000,-367.84306987399776,4.375039192816114,1.0,-12.028715275777998,-29.000291460215678,-23.191094619666053,-30.186089902878216,AXP,2015-12-31,972000000,0,26637000000,77116000000,33.19587628865979,21.07381168842306,27.903780068728523,5.292096219931271,1.4029538841648481,0.0,-5.782245131729668,American Express Company,2015,1,HOLD
2469000000,-302000000,2167000000,1426000000,8640000000,60000000,0,-1188000000,2016,1.5196353436185133,25.081018518518515,-1188000000,-396.8530092592593,2.7125974658869367,1.0,-2.822761550210007,-11.042692939244658,-14.80331262939959,9.20595372556799,AXP,2016-03-31,859000000,0,27678000000,73398000000,28.576388888888886,12.36999581896101,25.081018518518515,3.4953703703703702,0.4331694134325712,0.0,-5.291666666666667,American Express Company,2016,1,HOLD
669000000,-347000000,322000000,2015000000,9762000000,-1077000000,0,-1724000000,2016,0.1598014888337469,3.2985044048350747,-1724000000,-337.70538824011476,-18.476616312571227,0.0,-21.78251411368344,-85.1407475772958,-72.90400972053463,-18.959752563473433,AXP,2016-06-30,899000000,0,36464000000,71279000000,6.8531038721573445,-72.59388621608065,3.2985044048350747,3.55459946732227,0.32397173680950786,0.0,-3.566379840196681,American Express Company,2016,1,HOLD
1748000000,-326000000,1422000000,1142000000,8204000000,-5000000,0,-628000000,2016,1.245183887915937,17.333008288639686,-628000000,-394.2747440273037,-22.599487055866835,0.0,14.03450388380461,341.6149068322981,161.28550074738416,35.81701799748805,AXP,2016-09-30,934000000,0,29030000000,70389000000,21.30667966845441,-51.4797265541054,17.333008288639686,3.973671379814724,-0.006775547559577433,0.0,-5.041321306679668,American Express Company,2016,1,HOLD
3338000000,-400000000,2938000000,825000000,8435000000,1595000000,0,-954000000,2016,3.561212121212121,34.83106105512744,-954000000,-344.3592175459395,6.9272809863989195,1.0,17.498052766487756,106.61040787623067,90.96109839816933,3.4635488826831455,AXP,2016-12-31,1038000000,0,32244000000,74007000000,39.57320687611144,19.211213260335725,34.83106105512744,4.742145820983995,-0.549950398947276,0.0,-4.951155898043865,American Express Company,2016,1,HOLD
1160000000,-277000000,883000000,1251000000,9152000000,-1043000000,0,-926000000,2017,0.7058353317346123,9.648164335664337,-926000000,-354.4711538461538,-15.432854182854179,1.0,-25.182896719463105,-69.94554118447924,-65.2486518873577,-42.68094948595086,AXP,2017-03-31,1016000000,0,32178000000,71796000000,12.674825174825175,-55.64581226792649,9.648164335664337,3.026660839160839,-0.46870953120953107,0.0,-4.32888986013986,American Express Company,2017,1,HOLD
3124000000,-261000000,2863000000,1344000000,9693000000,824000000,0,-841000000,2017,2.1302083333333335,29.536779118951824,-841000000,-349.2221190549881,26.23827471411675,1.0,19.888614783287487,224.23556058890148,169.3103448275862,45.071511502750596,AXP,2017-06-30,1104000000,0,33274000000,75761000000,32.229443928608276,370.2897333797818,29.536779118951824,2.692664809656453,-0.8619346576658167,0.0,-4.383266274631177,American Express Company,2017,1,HOLD
4297000000,-274000000,4023000000,1359000000,9858000000,1837000000,0,-1320000000,2017,2.9602649006622515,40.80949482653683,-1320000000,-353.18878068573747,23.47648653789714,1.0,11.272715707585004,40.5169402724415,37.548015364916765,-8.615899075702483,AXP,2017-09-30,1338000000,0,28869000000,78248000000,43.58896327855549,104.57886426617233,40.80949482653683,2.779468452018665,-1.1942029277960589,0.0,-5.009028200446338,American Express Company,2017,1,HOLD
4959000000,-250000000,4709000000,-1197000000,9419000000,4041000000,0,-1313000000,2017,-3.934001670843776,49.994691580847224,-1313000000,-443.62671196517675,15.163630525719782,1.0,9.185196754310397,17.05195128013921,15.406097277170128,-2.087518953274607,AXP,2017-12-31,1413000000,0,39931000000,86506000000,52.64890115723537,33.0417858781547,49.994691580847224,2.6542095763881517,-2.0879362445958436,0.0,-4.944792440811127,American Express Company,2017,1,HOLD
2063000000,-237000000,1826000000,1634000000,10339000000,-524000000,0,-134000000,2018,1.1175030599755202,17.661282522487667,-134000000,-382.828126511268,8.01311818682333,0.0,-32.33340905835956,-61.22318963686557,-58.39887074006857,-41.51860581266995,AXP,2018-03-31,1396000000,0,34751000000,84990000000,19.95357384660025,57.42681710697024,17.661282522487667,2.2922913241125835,-0.7343695150482556,0.0,-4.859174001354096,American Express Company,2018,1,HOLD
3033000000,-299000000,2734000000,1623000000,10713000000,109000000,0,-4000000,2018,1.6845348120764017,25.52039578082703,-4000000,-359.7531037057781,-4.016383338124793,0.0,7.859113258339363,49.726177437020816,47.01890450799806,40.19252231669892,AXP,2018-06-30,1517000000,0,34771000000,85385000000,28.311397367684123,-12.156730254493542,25.52039578082703,2.7910015868570897,0.0983367772006365,0.0,-4.724540278166713,American Express Company,2018,1,HOLD
5086000000,-335000000,4751000000,1654000000,10921000000,2398000000,0,-779000000,2018,2.8724304715840385,43.503342184781616,-779000000,-415.9348960717883,2.6938473582447884,1.0,17.982946403954585,73.77468910021945,67.68875700626442,10.123833145615222,AXP,2018-09-30,1594000000,0,37003000000,89268000000,46.5708268473583,6.8408682944514965,43.503342184781616,3.067484662576687,0.28801621055802196,0.0,-4.78573390715136,American Express Company,2018,1,HOLD
-1252000000,-439000000,-1691000000,2010000000,11285000000,-5357000000,0,-768000000,2018,-0.8412935323383085,-14.984492689410722,-768000000,1486.9100575985822,-64.97918427025795,0.0,-58.48783487419234,-135.59250684066512,-124.61659457333857,-76.47078127814692,AXP,2018-12-31,1788000000,0,88822000000,86911000000,-11.094373061586177,-121.07237343558785,-14.984492689410722,3.890119627824546,1.2359100514363943,0.0,0.1693398316349136,American Express Company,2018,1,HOLD
8547000000,-348000000,8199000000,1550000000,11259000000,5669000000,0,-1352000000,2019,5.289677419354839,72.82174260591526,-1352000000,-422.54285460520475,55.160460083427594,1.0,87.80623529532599,-584.8610289769367,-782.667731629393,146.29407016951833,AXP,2019-03-31,1704000000,0,40905000000,93270000000,75.91260325073274,280.4461488169297,72.82174260591526,3.0908606448174796,0.7985693207048961,0.0,-4.650945909938716,American Express Company,2019,1,HOLD
2930000000,-492000000,2438000000,1761000000,11729000000,-397000000,0,-660000000,2019,1.3844406587166382,20.7860857703129,-660000000,-415.28902719754456,-4.734310010514129,0.0,-52.03565683560236,-70.26466642273448,-65.71896571896572,-139.84189213092836,AXP,2019-06-30,1752000000,0,36686000000,93949000000,24.980816778924034,-11.76409820223766,20.7860857703129,4.194731008611135,1.4037294217540452,0.0,-4.882172393213403,American Express Company,2019,1,HOLD
-1041000000,-374000000,-1415000000,1755000000,11866000000,-4170000000,0,-1451000000,2019,-0.8062678062678063,-11.924827237485253,-1451000000,-308.2167537502107,-55.42816942226687,1.0,-32.710913007798155,-158.03937653814603,-135.52901023890783,19.324743827804205,AXP,2019-09-30,1756000000,0,33761000000,90846000000,-8.77296477330187,-118.83789781542072,-11.924827237485253,3.151862464183381,0.08437780160669384,0.0,-4.810803977751559,American Express Company,2019,1,HOLD
3196000000,-431000000,2765000000,1693000000,12166000000,301000000,0,-1222000000,2019,1.633195510927348,22.727272727272727,-1222000000,1321.7524247903993,37.71176541668345,0.0,34.65209996475798,-295.4063604240282,-407.01248799231513,67.36301297255613,AXP,2019-12-31,1825000000,0,89483000000,94257000000,26.269932599046523,-336.7860937541853,22.727272727272727,3.542659871773796,-0.3474597560507502,0.0,-0.3924050632911392,American Express Company,2019,1,HOLD
-2219000000,-335000000,-2554000000,367000000,11041000000,-5920000000,0,-1023000000,2020,-6.959128065395095,-23.131962684539445,-1023000000,1199.7627026537452,-95.9537052904547,0.0,-45.85923541181217,-192.36889692585896,-169.4305381727159,-80.51133537657014,AXP,2020-03-31,3337000000,0,83089000000,89436000000,-20.097817226700478,-126.47494140112563,-23.131962684539445,3.0341454578389637,-0.05671518697851585,0.0,-0.5748573498777285,American Express Company,2020,1,HOLD
2130000000,-354000000,1776000000,257000000,8224000000,-124000000,0,-2000000,2020,6.910505836575876,21.595330739299612,-2000000,1300.5344114785994,0.8092449689867109,1.0,44.72729342383906,-169.53797963978073,-195.98918431726003,90.58652883565122,AXP,2020-06-30,2097000000,0,90030000000,94103000000,25.89980544747082,3.678777506274833,21.595330739299612,4.304474708171206,0.10974369956007113,0.0,-0.49525778210116733,American Express Company,2020,1,HOLD
2180000000,-353000000,1827000000,1073000000,9267000000,228000000,0,-1000000,2020,1.7027027027027026,19.71511816121722,-1000000,1266.5700874069275,31.639945398702473,0.0,-1.8802125780823928,2.871621621621623,2.3474178403755763,-46.60750600192145,AXP,2020-09-30,1115000000,0,87745000000,95409000000,23.524333657062694,-368.14576673843027,19.71511816121722,3.8092154958454727,0.6573530316620917,0.0,-0.8270206107693968,American Express Company,2020,1,HOLD
3500000000,-436000000,3064000000,1438000000,9741000000,2006000000,0,-3000000,2020,2.1307371349095967,31.45467611128221,-3000000,-241.45980905451185,8.727403384009484,1.0,11.739557950064992,67.70662287903669,60.55045871559632,13.619770528147384,AXP,2020-12-31,279000000,0,57468000000,99564000000,35.930602607535164,36.77462807361478,31.45467611128221,4.475926496252951,0.9332666244791552,0.0,-4.321527563905144,American Express Company,2020,1,HOLD
2280000000,-319000000,1961000000,2235000000,9810000000,281000000,0,-513000000,2021,0.8774049217002237,19.98980632008155,-513000000,1235.8282364933743,43.121769004620994,1.0,-11.464869791200663,-35.99869451697128,-34.857142857142854,-23.204427741265654,AXP,2021-03-31,-313000000,0,101849000000,99356000000,23.24159021406728,-215.64236032154884,19.98980632008155,3.251783893985729,0.21763843614676537,-0.0,0.25412844036697246,American Express Company,2021,1,HOLD
3185000000,-290000000,2895000000,2280000000,10813000000,1227000000,0,-884000000,2021,1.269736842105263,26.773328400998796,-884000000,1276.0991399241655,5.177997661699184,1.0,6.783522080917248,47.628760836308004,39.69298245614035,18.24839187211791,AXP,2021-06-30,-284000000,0,87929000000,96477000000,29.45528530472579,13.72782457561732,26.773328400998796,2.681956903726995,-1.622517804444211,-0.0,-0.7905299176916675,American Express Company,2021,1,HOLD
4172000000,-470000000,3702000000,1826000000,11377000000,2174000000,0,-4134000000,2021,2.027382256297919,32.53933374351762,-4134000000,1253.9997363100993,12.824215582300404,1.0,5.766005342518827,27.87564766839379,30.98901098901099,-1.0175167383984203,AXP,2021-09-30,116000000,0,85079000000,96220000000,36.670475520787555,55.88316360143959,32.53933374351762,4.131141777269931,0.3219262814244579,0.0,-0.9792563944800914,American Express Company,2021,1,HOLD
5008000000,-471000000,4537000000,1719000000,12431000000,2775000000,0,-3721000000,2021,2.639325189063409,36.49746601238839,-3721000000,-231.19700748129677,5.042789901106175,1.0,3.958132268870763,22.555375472717444,20.038350910834126,-1.8078730736480644,AXP,2021-12-31,345000000,0,27197000000,99008000000,40.2863808221382,12.122753025270905,36.49746601238839,3.788914809749819,-0.6870116865031322,0.0,-5.776767758024294,American Express Company,2021,1,HOLD
3880000000,-447000000,3433000000,2099000000,12045000000,1410000000,0,-1570000000,2022,1.6355407336827061,28.501452885014526,-1570000000,-339.27272727272725,8.511646564932978,1.0,-7.99601312737386,-24.333259863345823,-22.52396166134185,-11.954145396244623,AXP,2022-03-31,288000000,0,27670000000,104235000000,32.21253632212536,38.59867601756568,28.501452885014526,3.711083437110834,0.459299543125105,0.0,-6.356579493565795,American Express Company,2022,1,HOLD
4259000000,-452000000,3807000000,1964000000,13824000000,1572000000,0,-691000000,2022,1.9383910386965377,27.5390625,-691000000,-300.2325665509259,0.7657340990012038,1.0,-0.9623903850145261,10.894261578794051,9.768041237113412,7.033622742359334,AXP,2022-06-30,849000000,0,27436000000,109766000000,30.808738425925924,4.594941475521841,27.5390625,3.269675925925926,0.587719022198931,0.0,-5.9555844907407405,American Express Company,2022,1,HOLD
4508000000,-443000000,4065000000,1879000000,14305000000,1297000000,0,-601000000,2022,2.1633847791378393,28.416637539321915,-601000000,-281.2069206571129,-4.122696204195709,0.0,0.8775750393219148,6.77698975571317,5.846442826954679,1.839965424336441,AXP,2022-09-30,1574000000,0,32603000000,115999000000,31.51345683327508,-14.063135572346464,28.416637539321915,3.096819293953163,-1.0343224833167675,0.0,-5.829849702901083,American Express Company,2022,1,HOLD
8432000000,-513000000,7919000000,1572000000,15149000000,5927000000,0,-640000000,2022,5.037531806615776,52.27407749686448,-640000000,-292.33249719453426,15.776611484476092,1.0,23.857439957542564,94.80934809348093,87.04525288376219,22.97986491822065,AXP,2022-12-31,2234000000,0,38392000000,125846000000,55.66043963297908,38.16192593401817,52.27407749686448,3.386362136114595,-0.40255267363522407,0.0,-5.7729223051026475,American Express Company,2022,1,HOLD
-377000000,-360000000,-737000000,1816000000,15714000000,-3611000000,0,-316000000,2023,-0.40583700440528636,-4.690085274277714,-316000000,-290.9501081837852,-33.19153815929224,0.0,-56.96416277114219,-109.30673064780908,-104.47106261859582,-80.82160272868475,AXP,2023-03-31,2488000000,0,43473000000,135056000000,-2.399134529718722,-107.4478287140366,-4.690085274277714,2.290950744558992,-1.4201326925518423,0.0,-5.828115056637394,American Express Company,2023,1,HOLD
3923000000,-376000000,3547000000,2174000000,16724000000,473000000,0,-1033000000,2023,1.6315547378104875,21.209040899306387,-1033000000,-269.73421430279836,-6.3300216006936125,0.0,25.8991261735841,-581.2754409769335,-1140.5835543766577,82.86328894472629,AXP,2023-06-30,2868000000,0,46041000000,136698000000,23.45730686438651,-23.861514418107742,21.209040899306387,2.2482659650801247,-1.0214099608458014,0.0,-5.420772542453959,American Express Company,2023,1,HOLD
8244000000,-401000000,7843000000,2451000000,17179000000,4260000000,0,-1400000000,2023,3.1999184006527948,45.65457826415973,-1400000000,-280.37371209034285,17.237940724837816,0.0,24.445537364853344,121.11643642514802,110.14529696660719,-1.453588808730757,AXP,2023-09-30,3031000000,0,46627000000,139248000000,47.9888235636533,52.28041727552362,45.65457826415973,2.334245299493568,-0.7625739944595953,0.0,-5.391524535770418,American Express Company,2023,1,HOLD
6769000000,-426000000,6343000000,1933000000,17740000000,2699000000,0,-901000000,2023,3.2814278323848938,35.7553551296505,-901000000,-269.717305524239,-16.518722367213975,1.0,-9.899223134509228,-19.125334693357132,-17.891800097040267,-34.34476049936257,AXP,2023-12-31,3385000000,0,48650000000,145607000000,38.15670800450958,-31.44734706352993,35.7553551296505,2.4013528748590756,-0.9850092612555192,0.0,-5.465445321307779,American Express Company,2023,1,HOLD
5552000000,-397000000,5155000000,2437000000,17807000000,1607000000,0,-1292000000,2024,2.115305703734099,28.94928960521143,-1292000000,-274.8927388105801,33.63937487948915,1.0,-6.806065524439074,-18.729307898470758,-17.979022012114054,3.093157610070154,AXP,2024-03-31,3275000000,0,55973000000,149571000000,31.178749929802883,-1399.583226517036,28.94928960521143,2.229460324591453,-0.06149041996753901,0.0,-5.256247543101027,American Express Company,2024,1,HOLD
4532000000,-566000000,3966000000,3015000000,18397000000,569000000,0,-1762000000,2024,1.3154228855721393,21.55786269500462,-1762000000,-260.7993151057238,0.3488217956982318,0.0,-7.39142691020681,-23.064985451018426,-18.37175792507204,-0.5853613857677367,AXP,2024-06-30,3332000000,0,53628000000,148530000000,24.63445126922868,5.018241913479593,21.55786269500462,3.076588574224058,0.8283226091439335,0.0,-5.158558460618579,American Express Company,2024,1,HOLD
-1812000000,-455000000,-2267000000,2507000000,18779000000,-6147000000,0,-1935000000,2024,-0.9042680494615077,-12.071995313914478,-1935000000,-255.82459129879118,-57.72657357807421,0.0,-33.6298580089191,-157.16086737266767,-139.98234774933803,-26.23843109871229,AXP,2024-09-30,3499000000,0,48684000000,150057000000,-9.649076095638746,-120.10692361074456,-12.071995313914478,2.4229192182757333,0.08867391878216546,0.0,-5.398210767346504,American Express Company,2024,1,HOLD
5778000000,-495000000,5283000000,2170000000,19218000000,2081000000,0,-1031000000,2024,2.4345622119815666,27.489853262566342,-1031000000,-263.69341242585074,-8.265501867084161,1.0,39.56184857648082,-333.03925893250994,-418.87417218543044,73.19170658539991,AXP,2024-12-31,3331000000,0,41505000000,156792000000,30.0655635341867,-21.205038100683694,27.489853262566342,2.575710271620356,0.17435739676128037,0.0,-5.998907274430222,American Express Company,2024,1,HOLD
4764000000,-430000000,4334000000,2584000000,18933000000,246000000,0,-1208000000,2025,1.6772445820433437,22.891248085353617,-1208000000,-261.49368826915963,-6.058041519857813,1.0,-4.598605177212725,-17.96327844028014,-17.54932502596054,-44.160453753693545,AXP,2025-03-31,3116000000,0,52406000000,161519000000,25.162414831247027,-19.29626784942078,22.891248085353617,2.2711667458934137,0.041706421301960894,0.0,-5.763112026620187,American Express Company,2025,1,HOLD
4364000000,-619000000,3745000000,2885000000,19933000000,37000000,0,-1356000000,2025,1.2980935875216637,18.787939597652134,-1356000000,829.2108563688356,-2.7699230973524855,1.0,-4.103308487701483,-13.590216889709271,-8.39630562552477,0.4952966895112425,AXP,2025-06-30,3482000000,0,58818000000,165000000000,21.893342698038428,-11.127134683183382,18.787939597652134,3.105403100386294,0.028814526162235676,0.0,-5.326945266643255,American Express Company,2025,1,HOLD
6233000000,-655000000,5578000000,2902000000,20557000000,1708000000,0,-2351000000,2025,1.9221226740179187,27.134309480955395,-2351000000,-261.1480274359099,39.20630479486987,1.0,8.346369883303261,48.94526034712952,42.82768102658112,12.449678371004744,AXP,2025-09-30,3418000000,0,54706000000,166037000000,30.320572067908742,-414.23290444992176,27.134309480955395,3.186262586953349,0.7633433686776159,0.0,-5.415722138444326,American Express Company,2025,1,HOLD
