total_debt,total_equity,total_assets,cash,interest_expense,operating_income,ebitda,current_assets,current_liabilities,inventory,year_x,debt_to_equity,debt_to_assets,interest_coverage,net_debt,net_debt_to_ebitda,current_ratio,quick_ratio,debt_to_equity_trend_1yr,net_debt_to_ebitda_trend_1yr,current_ratio_trend_1yr,is_deleveraging,debt_to_equity_yoy,net_debt_to_ebitda_yoy,interest_coverage_yoy,current_ratio_yoy,debt_to_equity_velocity_qoq,net_debt_velocity_qoq,interest_expense_velocity_qoq,debt_to_equity_trend_2yr,net_debt_to_ebitda_trend_2yr,debt_to_equity_cagr_3yr,debt_to_equity_acceleration_qoq,leverage_momentum_3q,is_leverage_increasing,is_liquidity_deteriorating,debt_growth_faster_than_equity,symbol,date,net_income,revenue,free_cash_flow,roa,roic,roa_yoy,roa_trend_2yr,roic_yoy,asset_turnover,asset_turnover_yoy,equity_multiplier,fcf_to_debt,ebitda_to_interest,company,year_y,label,label_name
923400000,3937200000,8108300000,510000000,0,298300000,353100000,3495900000,3049300000,2347600000,2000,0.23453215483084425,0.1138833047617873,0.0,413400000,1.1707731520815634,1.1464598432427116,0.3765782310694258,,,,0,,,,,,,,,,,,,0,0,0,COST,2000-02-13,181600000,7737000000,-108100000,2.239680327565581,4.602826811504753,,,,0.9542074170911289,,2.059407700904196,-0.11706735975741824,0.0,Costco Wholesale Corporation,2000,1,HOLD
925335000,4107659000,8198265000,527232000,0,197210000,255317000,3447023000,2961623000,2367481000,2000,0.22527064685749232,0.11286961326573366,0.0,398103000,1.5592498736864369,1.1638966201977767,0.3645102702133256,,,,0,,,,,-0.009261507973351929,-15297000.0,0.0,,,,,,0,0,0,COST,2000-05-07,120329000,6894608000,-50370000,1.4677373810190326,2.938757725520833,,,,0.840983793522166,,1.995848486936233,-0.054434339995785314,0.0,Costco Wholesale Corporation,2000,1,HOLD
799553000,4240280000,8633940000,524505000,0,326707000,408597000,3470118000,3404359000,2490088000,2000,0.18856136858886677,0.09260580916707783,0.0,275048000,0.6731522747352526,1.0193161179534826,0.28787504490566357,,,,1,,,,,-0.03670927826862555,-123055000.0,0.0,,,,-0.02744777029527362,0.21612139009240114,0,1,0,COST,2000-08-31,200182000,10589189000,-1093000,2.3185474997509825,4.8618724072801625,,,,1.2264608046847674,,2.0361721395756884,-0.0013670138189713502,0.0,Costco Wholesale Corporation,2000,1,HOLD
823687000,4326786000,9517757000,606935000,0,211827000,276530000,4074905000,4168181000,2993716000,2000,0.1903692486755758,0.08654213382417728,0.0,216752000,0.7838281560770983,0.977621893099172,0.2593910869033758,,,,0,,,,,0.0018078800867090405,-58296000.0,0.0,,,,0.03851715835533459,0.20140042137397832,1,1,0,COST,2000-11-26,129521000,7637278000,-262336000,1.3608353312655492,3.08457592147362,,,,0.8024241425789711,,2.199729082972904,-0.31848991182330183,0.0,Costco Wholesale Corporation,2000,1,HOLD
843487000,4559951000,9506282000,511657000,0,287368000,356284000,3760785000,3913416000,2723367000,2001,0.18497720699191725,0.08872943175891479,0.0,331830000,0.931363743530442,0.9609980129891634,0.2650926965086257,-0.049554947838927,-0.23940940855112136,-0.18546183025354812,0,-21.129276654908313,-20.44882974344483,,-16.176914642642647,-0.0053920416836585605,115078000.0,0.0,,,,-0.007199921770367601,0.18796927475211997,0,1,0,COST,2001-02-18,176577000,8306309000,-25179000,1.857476982063019,3.9886827608644717,-17.065084726533176,,-13.342758174286063,0.8737705235338064,-8.429707432219702,2.084733366652405,-0.029851082470743473,0.0,Costco Wholesale Corporation,2001,1,HOLD
920694000,4655250000,9575913000,558576000,0,174650000,257259000,3693205000,3887641000,2675311000,2001,0.19777541485419686,0.09614686348967456,0.0,362118000,1.4076009002600491,0.9499861226898265,0.2618281883538115,-0.027495232003295456,-0.15164897342638772,-0.21391049750795021,0,-12.205421517118086,-9.725764676052439,,-18.3788228091599,0.012798207862279615,30288000.0,0.0,,,,0.018190249545938175,0.19104062350722997,1,1,0,COST,2001-05-13,105257000,7718895000,62781000,1.0991850072155,2.3491537935101214,-25.110239649796963,,-20.063032991473186,0.8060740526777969,-4.151059879306585,2.0570136942162076,0.06818877933385034,0.0,Costco Wholesale Corporation,2001,1,HOLD
1053945000,4882940000,10089786000,602585000,0,318422000,403491000,3882457000,4112189000,2738504000,2001,0.21584229992586434,0.10445662574012968,0.0,451360000,1.118637094755521,0.944133890733135,0.2781859005021413,0.027280931336997577,0.44548482002026846,-0.07518222722034762,0,14.467932398433136,66.17890732011197,,-7.3757518296967195,0.018066885071667482,89242000.0,0.0,,,,0.0052686772093878675,0.1995316405906595,1,1,1,COST,2001-08-31,190734000,11134555000,-190252000,1.8903671495113972,4.022589287143005,-18.46761173905529,,-17.262549277936944,1.1035471911891888,-10.021813418421521,2.066334216680934,-0.18051416345255208,0.0,Costco Wholesale Corporation,2001,1,HOLD
1124701000,5002762000,11108813000,824471000,0,215354000,215354000,4688711000,5010480000,3283817000,2001,0.22481601163517273,0.10124403030278753,0.0,300230000,1.3941231646498324,0.9357808034359981,0.2803911002538679,0.03444676295959692,0.6102950085727341,-0.0418410896631739,0,18.094709728198044,77.86081730300904,,-4.27988468328312,0.008973711709308385,-151130000.0,0.0,,,,-0.009093173362359097,0.21281124213841132,1,1,1,COST,2001-11-25,129656000,8466553000,-84828000,1.1671454006832234,2.6359277893640485,-14.233164449235613,,-14.544888617792074,0.7621474049477653,-5.019382580109976,2.220535975926898,-0.07542271234754837,0.0,Costco Wholesale Corporation,2001,1,HOLD
995923000,5233997000,10889348000,774551000,0,319201000,319201000,4312756000,4558474000,3008636000,2002,0.19027962759627107,0.09145846013921127,0.0,221372000,0.6935191305791648,0.9460964349034348,0.28608696682266915,0.005302420604353819,-0.23784461295127723,-0.014901578085728673,1,2.866526471331965,-25.5372419855748,,-1.5506356812723943,-0.03453638403890166,-78858000.0,0.0,-0.04425252723457318,-0.4772540215023986,,-0.04351009574821005,0.21031264638576938,0,0,1,COST,2002-02-17,192556000,9382852000,131795000,1.7682968714012999,3.8427580129439862,-4.801142168807426,-0.47138345616428134,-3.6584696419641793,0.8616541596429832,-1.3866757420267217,2.0805032941363932,0.1323345278701265,0.0,Costco Wholesale Corporation,2002,1,HOLD
1222310000,5408138000,11147517000,841114000,0,216302000,286581000,4385553000,4328577000,3025324000,2002,0.226013093600792,0.1096486329646324,0.0,381196000,1.330150986980993,1.0131627553350675,0.3142439189599723,0.028237678746595135,-0.07744991327905604,0.06317663264524098,0,14.277648598240788,-5.502263693121212,,6.650269002494502,0.03573346600452093,159824000.0,0.0,0.0007424467432996795,-0.22909888670544376,,0.0702698500434226,0.2137029109440786,1,0,1,COST,2002-05-12,130370000,8616747000,41747000,1.1694981043760686,2.446689876762475,6.3968391762082355,-0.298239276642964,4.151966700597098,0.7729745556790808,-4.106260074835399,2.061248621984128,0.0341541834722779,0.0,Costco Wholesale Corporation,2002,1,HOLD
1314412000,5694237000,11620263000,805518000,0,380678000,492925000,4630539000,4449733000,3127221000,2002,0.23083197977182895,0.11311379097013553,0.0,508894000,1.032396409190039,1.0406329997777395,0.33784454033534145,0.01498967984596461,-0.08624068556548203,0.09649910904460446,0,6.944736898704806,-7.709442675359335,,10.220913579288137,0.004818886171036957,127698000.0,0.0,0.04227061118296219,0.3592441344547864,,-0.030914579833483974,0.21570823365629732,1,0,1,COST,2002-08-31,247401000,12296347000,-109076000,2.1290481979624727,4.073659559781065,12.626174154198955,-0.18949930178850982,1.2695870493488082,1.058181471452066,-4.110899841830628,2.0407058926419817,-0.08298463495464131,0.0,Costco Wholesale Corporation,2002,1,HOLD
1311055000,5835671000,12235455000,712854000,0,237792000,237792000,5069640000,4891736000,3676199000,2002,0.22466225392075737,0.10715212470643716,0.0,598201000,2.515648129457677,1.0363682749845862,0.28485613287389183,-0.00015375771441536457,1.1215249648078447,0.10058747154858805,1,-0.0683926884464392,80.44662001506464,,10.74904199565232,-0.006169725851071589,89307000.0,0.0,0.03429300524518156,1.7318199733805788,,-0.010988612022108546,0.22716910909779275,0,1,0,COST,2002-11-24,145729000,9198585000,17214000,1.1910386659098497,2.4954643566858445,2.047154126010331,-0.16979666535569948,-5.328804273204035,0.7517975424698141,-1.3579869734858696,2.0966663473660527,0.013129883948423217,0.0,Costco Wholesale Corporation,2002,1,HOLD
1356052000,6049142000,12342843000,1169002000,0,295060000,295060000,5060650000,4752661000,3218429000,2003,0.22417261819940745,0.10986544996156883,0.0,187050000,0.6339388598929031,1.064803485878753,0.38761885183900135,0.033892990603136386,-0.059580270686261705,0.1187070509753182,0,17.81220145913329,-8.591006081765274,,12.547035016301944,-0.0004896357213499125,-411151000.0,0.0,0.039195411207490205,-0.29742488363753894,-1.4945959390474162,0.005680090129721677,0.22655561729733123,0,0,1,COST,2003-02-16,182065000,10114167000,440076000,1.4750653475864515,2.988375456470148,-16.58270896461378,-0.38241163447656756,-22.23357686317814,0.8194357653257033,-4.89969134887861,2.0404287087325774,0.32452737800615317,0.0,Costco Wholesale Corporation,2003,1,HOLD
1389653000,6285944000,12598831000,1289472000,0,249586000,249586000,5199846000,4716419000,3251173000,2003,0.2210730798747173,0.11030015403810084,0.0,100181000,0.4013886996866811,1.1024987389797216,0.41316791404665276,-0.0049400137260746935,-0.928762287294312,0.08933598364465412,0,-2.185720148939807,-69.8238242413591,,8.817535304592727,-0.0030995383246901487,-86869000.0,0.0,0.02329766502052044,-1.006212200573368,-0.6250129250260139,-0.002609902603340236,0.22330265066496072,0,0,0,COST,2003-05-11,153780000,9543071000,10483000,1.2205894340514607,2.4387614409667417,4.368654338490741,0.12140442683596064,-0.32404743531389,0.7574568624660494,-2.007529626819171,2.004286229721423,0.007543609807628235,0.0,Costco Wholesale Corporation,2003,1,HOLD
1337070000,6554980000,13191688000,1545439000,0,374190000,498583000,5711538000,5011107000,3339428000,2003,0.2039777390625143,0.10135700601772873,0.0,-208369000,-0.4179223920590955,1.1397757022550108,0.47337045487154833,-0.026854240709314664,-1.4503188012491346,0.0991427024772713,1,-11.633674301047602,-140.48080643625778,,9.527153424737289,-0.017095340812203014,-308550000.0,0.0,-0.011864560863350054,-1.5365594868146166,2.654190823365865,-0.013995802487512865,0.21640781237887965,0,0,0,COST,2003-08-31,239426000,13689729000,228770000,1.8149762183581057,3.556015230516786,-14.75175526345237,-0.07539093115329143,-12.707108231992258,1.0377541524632783,-1.9304173754579934,2.0124680777058055,0.17109799786099456,0.0,Costco Wholesale Corporation,2003,1,HOLD
1320270000,6804759000,14326290000,1801520000,0,254818000,254818000,6617830000,5949786000,4079754000,2003,0.19402156637729565,0.09215714605805132,0.0,-481250000,-1.8886028459527977,1.1122803408391495,0.42658273759762116,-0.03064068754346172,-4.404250975410475,0.07591206585456334,1,-13.638556103095656,-175.0742054835762,,7.32481567478438,-0.009956172685218645,-272881000.0,0.0,-0.030794445257877084,-3.28272601060263,0.6354679014066278,0.007139168126984369,0.20635746177150907,0,1,0,COST,2003-11-23,160175000,10521478000,481203000,1.118049404277032,2.3521577584523086,-6.128202527922166,-0.049095996406191444,-5.742682633377994,0.734417493991815,-2.31179905442388,2.105333928798948,0.36447317594128475,0.0,Costco Wholesale Corporation,2003,1,HOLD
1356800000,7111791000,14277468000,2175937000,0,355176000,355176000,6499595000,5587470000,3642364000,2004,0.19078175947521517,0.09503085561109295,0.0,-819137000,-2.3062847714935693,1.1632447243564619,0.5113639983749353,-0.033390858724192285,-2.9402236313864725,0.09844123847770891,0,-14.895154900002206,-463.8023975818726,,9.245014670145268,-0.0032398069020804776,-337887000.0,0.0,0.0005021318789441009,-2.999803902072734,1.0352399832832315,0.006716365783138167,0.19626035497167504,0,0,0,COST,2004-02-15,226792000,11548974000,460563000,1.5884609231832985,3.145529167721053,7.6874950511439,-0.17983594821800142,5.2588342241484565,0.8088951066113403,-1.2863312977525854,2.007576994318309,0.3394479658018868,0.0,Costco Wholesale Corporation,2004,1,HOLD
1310227000,7212106000,14615282000,2492928000,0,310147000,310147000,6925409000,5844395000,3612243000,2004,0.18167051343948634,0.08964773994781626,0.0,-1182701000,-3.813356247198909,1.1849659374494708,0.5668963168984985,-0.03940256643523096,-4.21474494688559,0.08246719846974915,1,-17.8233217981857,-1050.0407585404287,,7.480026557315278,-0.009111246035728826,-363564000.0,0.0,-0.044342580161305656,-5.143507234179902,-2.7915436948424244,-0.0058714391336483485,0.18882461309733237,0,0,0,COST,2004-05-09,198658000,10897239000,231731000,1.359248490723614,2.7294198666022553,11.360007944023165,0.18975038634754537,11.918280351369436,0.7456057980954456,-1.5645860454706728,2.026492955039762,0.17686324583450044,0.0,Costco Wholesale Corporation,2004,1,HOLD
1320935000,7624810000,15092548000,2823135000,25740000,465507000,602654000,7269099000,6170550000,3643585000,2004,0.17324169389138877,0.08752233221322205,18.084965034965034,-1502200000,-2.492640885151347,1.1780309696866569,0.5875511907366442,-0.03073604517112552,-2.0747184930922518,0.03825526743164609,0,-15.068333099674991,496.4363079159635,,3.356385590248956,-0.008428819548097571,-319499000.0,25740000.0,-0.057590285880440184,-3.525037294341386,-7.0665727041218656,0.0006824264876312547,0.18189798893536344,0,1,0,COST,2004-08-31,296768000,15139301000,219666000,1.9663213925176848,3.902752090519012,8.338686349096713,-0.1627268054447879,9.750713580375624,1.0030977539379036,-3.3395576826276363,1.9793998801281605,0.1662958434745086,23.413131313131313,Costco Wholesale Corporation,2004,1,HOLD
1174615000,8210002000,16410318000,2884999000,0,300645000,300645000,8387021000,7036385000,4494949000,2004,0.1430712197146846,0.07157783292194582,0.0,-1710384000,-5.689048545626902,1.1919502699184312,0.5531351681296575,-0.05095034666261106,-3.8004456996741047,0.07966992907928172,1,-26.26014603115443,201.23053969860902,,7.162756200399567,-0.030170474176704182,-208184000.0,-25740000.0,-0.08159103420607278,-8.20469667508458,-13.984837613817591,-0.02174165462860661,0.16599447568185324,0,0,0,COST,2004-11-21,193153000,11578003000,-166594000,1.1770216762405215,2.402695283142615,5.274567629828764,-0.014016989669328295,2.148560168156388,0.7055319098630508,-3.933128549506759,1.9988202195322242,-0.14182859915802198,0.0,Costco Wholesale Corporation,2004,1,HOLD
1076048000,8614816000,16449067000,3043335000,0,389895000,389895000,8363116000,6774381000,4002654000,2005,0.12490667241180775,0.0654169625547759,0.0,-1967287000,-5.045684094435681,1.2345210580863404,0.6436694363662157,-0.06587508706340742,-2.739399322942112,0.07127633372987852,1,-34.52902795561301,118.77975160751957,,6.127372188969993,-0.018164547302876838,-256903000.0,0.0,-0.0992659457875997,-5.679622954328584,-13.091060877064741,0.012005926873827344,0.14707319533929372,0,0,0,COST,2005-02-13,305452000,12658077000,521370000,1.8569563854290336,3.01749410578871,16.90286857719272,0.38189103784258216,-4.0703822824540765,0.7695316093003938,-4.8663290195746,1.909392725277011,0.48452299525671716,0.0,Costco Wholesale Corporation,2005,1,HOLD
1065783000,8862878000,16782419000,2725116000,0,316139000,316139000,8569366000,6871345000,4040253000,2005,0.12025247329366374,0.06350592247756418,0.0,-1659333000,-5.248745014060271,1.247116248711133,0.6591304904643851,-0.0614180401458226,-1.4353887668613616,0.06215031126166215,1,-33.807379625357136,37.64108763548444,,5.244902768718807,-0.004654199118144006,307954000.0,0.0,-0.10082060658105356,-5.650133713746952,-18.968575713160874,0.013510348184732832,0.1294101218067187,0,0,0,COST,2005-05-08,209788000,11996900000,275068000,1.2500462537611532,2.3880788154616215,-8.034015686441965,0.029456819709692494,-12.50599276854959,0.7148492717289444,-4.1250385183517535,1.893563129267942,0.2580900614853117,0.0,Costco Wholesale Corporation,2005,1,HOLD
768256000,8881109000,16665205000,2062585000,0,467624000,615907000,8238001000,6760537000,4014699000,2005,0.08650451199281531,0.046099402917635875,0.0,-1294329000,-2.1015007135817583,1.2185424027706675,0.6246991917949714,-0.08673718189857346,0.3911401715695888,0.04051143308401062,1,-50.06715182140392,-15.691797960131737,-100.0,3.4389107015400544,-0.033747961300848436,365004000.0,0.0,-0.11747322706969898,-1.6835783215226627,-27.903486819157074,-0.02909376218270443,0.1105545525660956,0,1,0,COST,2005-08-31,354699000,16702248000,157902000,2.128380658983793,3.6346225891548305,8.241748631875833,0.31340444062568706,-6.870267317659007,1.002222774937362,-0.08722769013355114,1.876477926349063,0.20553305148283904,0.0,Costco Wholesale Corporation,2005,1,HOLD
613826000,9067032000,17382220000,2008880000,0,325495000,325495000,8842185000,7454831000,4825284000,2005,0.06769866920068221,0.035313440975893756,0.0,-1395054000,-4.285946020676201,1.186101334825699,0.5388319332792386,-0.07537255051400238,1.4031025249507012,-0.00584893509273221,1,-52.68183962107249,-24.663219406507753,,-0.49070294628420497,-0.0188058427921331,-100725000.0,0.0,-0.12632289717661344,-2.3973431747234035,-32.95752995246543,0.014942118508715338,0.09148521816238708,0,1,0,COST,2005-11-20,215818000,12927353000,-134998000,1.2416020508312517,2.5216902262175522,5.486761704933407,0.12355264655421982,4.952560730851285,0.7437112750845404,5.411429970460224,1.9170793706253602,-0.21992877460387797,0.0,Costco Wholesale Corporation,2005,1,HOLD
603438000,9066017000,17175566000,2239786000,0,431316000,543002000,8452130000,7250021000,4277534000,2006,0.06656043111324411,0.03513351466845401,0.0,-1636348000,-3.013521128835621,1.1658076576605778,0.5758046769795563,-0.05834624129856364,2.03216296560006,-0.06871340042576257,1,-46.71186908750602,-40.27527145112205,,-5.565996624818759,-0.0011382380874380982,-241294000.0,0.0,-0.12422132836197106,-0.7072363573420519,-33.2868899226471,0.017667604704695,0.07358787076891388,0,1,0,COST,2006-02-12,296203000,14054576000,575152000,1.7245603434553483,3.345452251445402,-7.129733525922122,0.1360994202720498,10.868559611352445,0.8182889576972311,6.335977340965138,1.8944996463165689,0.9531252589329807,0.0,Costco Wholesale Corporation,2006,1,HOLD
599040000,9238621000,17284327000,2010448000,0,354707000,483915000,8347133000,7492306000,4415889000,2006,0.06484084583619136,0.034657988129939914,0.0,-1411408000,-2.916644452021533,1.1140939785427877,0.5247041431569933,-0.055411627457472384,2.332100562038738,-0.13302227016834522,1,-46.07940771592604,-44.431584231878986,,-10.666388983851405,-0.0017195852770527514,224940000.0,0.0,-0.11682966760329498,0.8967117951773762,-33.55877925422818,-0.0005813471896146533,0.06636664871670589,0,1,0,COST,2006-05-07,235595000,13273175000,30236000,1.3630556746583191,2.704202248888227,9.040419149062838,0.0038071839347051384,13.237562821623117,0.7679312593426403,7.425619597444788,1.8708773744479832,0.05047409188034188,0.0,Costco Wholesale Corporation,2006,1,HOLD
565277000,9143439000,17495070000,1510939000,0,514114000,694303000,8232082000,7819191000,4568723000,2006,0.061823237405531986,0.032310645227484086,0.0,-945662000,-1.3620306984126527,1.0528048234145961,0.4685086986620483,-0.024681274587283322,0.7394700151691056,-0.16573757935607136,1,-28.531777150922764,-35.187711828504064,,-13.601297663439915,-0.0030176084306593742,465746000.0,0.0,-0.11141845648585678,1.1306101867386944,-32.82778697919117,-0.0012980231536066228,0.06440817145165582,0,1,0,COST,2006-08-31,355599000,19896123000,144333000,2.032566888843543,3.9715395939071656,-4.501721519401358,0.06624549632585808,9.269655830502055,1.1372416915165244,13.471946552761294,1.9134015111819525,0.25533145696711523,0.0,Costco Wholesale Corporation,2006,1,HOLD
570861000,8971986000,18415174000,1843101000,0,353140000,484448000,8864259000,8946859000,5388792000,2006,0.06362704979700147,0.030999489877206698,0.0,-1272240000,-2.6261642116388138,0.9907677096509513,0.3884566639532377,-0.00407161940368074,1.6597818090373875,-0.19533362517474773,0,-6.014327093507632,-38.72614823029248,,-16.468544418546884,0.0018038123914694837,-326578000.0,0.0,-0.07944416991768312,3.0628843339880887,-31.039998843301287,0.004821420822128858,0.06343037767957495,1,1,0,COST,2006-11-26,236886000,14151624000,18690000,1.2863630829662538,2.775429596639242,3.6051029478434415,0.10934140672573234,10.06227362043155,0.7684762576775,3.3299189379836447,2.052519252705031,0.032740019023895485,0.0,Costco Wholesale Corporation,2006,1,HOLD
629139000,8788400000,17925221000,1571905000,0,361328000,496406000,8275765000,8664500000,4930855000,2007,0.07158743343498247,0.03509797731364093,0.0,-942766000,-1.8991833297744185,0.9551347452247677,0.38604766576259447,0.005027002321738361,1.1143377990612027,-0.2106729124358101,0,7.552538704542866,-36.977932173708226,,-18.070983755465008,0.007960383637981003,329474000.0,0.0,-0.05331923897682528,3.146500764661263,-27.8726492360869,0.006156571246511519,0.0656792402125053,1,1,1,COST,2007-02-18,249478000,15112016000,45484000,1.3917708462283396,2.8775670586551327,-19.29706307407185,-0.46518553920069405,-13.985708287664833,0.8430588387166886,3.0270335174952256,2.039645555504984,0.07229562942370446,0.0,Costco Wholesale Corporation,2007,1,HOLD
2220914000,8481264000,19538485000,3160936000,0,339065000,469826000,9690443000,8586754000,4954795000,2007,0.2618612037073719,0.1136686902797223,0.0,-940022000,-2.000787525594582,1.1285339023337573,0.551506191978948,0.19702035787118055,0.9158569264269509,0.014439923790969589,0,303.8522328485917,-31.401048070571935,,1.296113619593986,0.19027377027238945,2744000.0,0.0,0.1416087304137082,3.2479574884656888,12.961098074832854,0.18231338663440844,0.13235856231311863,1,0,1,COST,2007-05-13,223986000,14659255000,601003000,1.1463836628070192,2.3761401651140543,-15.896050020525665,-0.10366259095413399,-12.1315661174769,0.7502759297867773,-2.2990768172370335,2.3037232421959746,0.2706106584946558,0.0,Costco Wholesale Corporation,2007,1,HOLD
2221715000,8623341000,19606586000,2779733000,31776000,555053000,724291000,9324153000,8581753000,4879465000,2007,0.25763970136400727,0.11331473006060311,17.467680010070495,-558018000,-0.7704334307619451,1.086509131642451,0.5179230863437808,0.1958164639584753,0.5915972676507075,0.03370430822785497,0,316.7360238254904,-43.43494374540684,,3.201382390948848,-0.004221502343364658,382004000.0,31776000.0,0.17113518937119196,1.3310672828198131,14.144096603066503,-0.1944952726157541,0.19702944616878723,0,1,1,COST,2007-08-31,372422000,20477260000,25528000,1.899473982874938,3.8385209813577728,-6.548020963006529,-0.22890667610885473,-3.3492958940522732,1.0444072211245752,-8.163125840748364,2.273664696780517,0.011490222643318337,22.793649295065457,Costco Wholesale Corporation,2007,1,HOLD
2219106000,8762411000,21004069000,2742354000,0,394854000,536348000,10301909000,9693755000,5773342000,2007,0.2532529003718269,0.10565124309961084,0.0,-523248000,-0.9755755591518939,1.0627366794394948,0.46716334382290453,0.18962585057482545,1.65058865248692,0.0719689697885435,1,298.02709882010254,-62.851692410235756,,7.263959966347544,-0.004386800992180362,34770000.0,-31776000.0,0.1855542311711447,3.3103704615243075,20.967131612467902,-0.00016529864881570377,0.25758460181440207,0,1,1,COST,2007-11-25,262000000,15809530000,-166184000,1.2473773534070947,2.696717584647003,-3.0306940610625333,0.005775302575842911,-2.836029855974409,0.752688919466033,-2.0543690262051495,2.3970650315307056,-0.07488781518323144,0.0,Costco Wholesale Corporation,2007,1,HOLD
2319853000,8946391000,20668877000,2267381000,0,504332000,504332000,9669405000,9169089000,5235648000,2008,0.2593060151294528,0.11223894747644006,0.0,52472000,0.10404257512908163,1.0545655080891896,0.48355480026423564,0.1877185816944703,2.0032259049035,0.09943076286442187,0,262.2228129815006,-105.47827971623147,,10.410129393944656,0.006053114757625877,575720000.0,0.0,0.19274558401620867,3.1175637039647026,27.56816765809642,0.010439915749806239,0.256732872288429,1,1,1,COST,2008-02-17,327850000,16959886000,240812000,1.5862013209522703,3.3573655958454296,13.970006287373526,-0.13835902250307797,16.673756941551066,0.8205518858136318,-2.6696775918175653,2.310303339078294,0.10380485315233336,0.0,Costco Wholesale Corporation,2008,1,HOLD
2284429000,9115573000,21203350000,2848658000,25000000,465575000,639458000,10078466000,9525513000,5305725000,2008,0.2506072849177995,0.10773906010135191,18.623,-564229000,-0.8823550569388451,1.0580496819436391,0.501048185016387,-0.011253918789572437,1.1184324686557368,-0.07048422039011815,1,-4.297665568721898,-55.899612245101736,,-6.2456449243004535,-0.008698730211653294,-616701000.0,25000000.0,0.18576643908160811,2.0342893950826877,27.732052639213588,-0.014751844969279171,0.2543887334730264,0,0,0,COST,2008-05-11,295000000,16613717000,539453000,1.391289583957252,3.062992883685459,21.36334711457415,0.02823390929893299,28.906237462571394,0.7835420817936788,4.43385569044652,2.326057835311066,0.23614347392718268,25.57832,Costco Wholesale Corporation,2008,1,HOLD
2346364000,9192061000,20682348000,2619429000,0,604074000,820634000,9462045000,8874165000,5039413000,2008,0.25525983781004064,0.11344766077816697,0.0,-273065000,-0.33274882590777377,1.066246232744151,0.4983716214426935,-0.0023798635539666324,0.4376846048541714,-0.02026289889830002,0,-0.9237177117373818,-56.81017819038681,-100.0,-1.8649543117662537,0.004652552892241146,291164000.0,-25000000.0,0.19343660040450866,1.029281872504879,43.43261273821939,0.01335128310389444,0.25505771261909765,1,0,0,COST,2008-08-31,397828000,23099887000,-36479000,1.9235146802481036,3.9264934338958737,1.2656502584351692,-0.10905220859543929,2.2918320093950006,1.116889001190774,6.939992236759274,2.250022927393541,-0.015547033623086614,0.0,Costco Wholesale Corporation,2008,1,HOLD
2365000000,8851000000,20997000000,2215000000,25000000,422000000,598000000,10100000000,9538000000,5933000000,2008,0.2672014461642752,0.11263513835309806,16.88,150000000,0.2508361204013378,1.0589222059131893,0.43688404277626336,0.013948545792448308,1.2264116795532316,-0.003814473526305484,0,5.507753621762679,-125.71160358090556,,-0.358929319002832,0.011941608354234579,423065000.0,25000000.0,0.20357439636727376,2.8770003320401516,58.034858139015434,0.007289055461993432,0.25768952296403846,1,1,1,COST,2008-11-23,263000000,16395000000,-414000000,1.252559889508025,2.821861626248217,0.4154746025150091,-0.0338031934582288,4.640606132198877,0.7808258322617517,3.7381861308227293,2.3722743192859563,-0.17505285412262156,23.92,Costco Wholesale Corporation,2008,1,HOLD
2371000000,9121000000,20737000000,2705000000,25000000,398000000,571000000,9691000000,8998000000,4995000000,2009,0.2599495669334503,0.1143366928678208,15.92,-334000000,-0.5849387040280211,1.0770171149144254,0.5218937541675928,0.0006435518039974997,-0.6889812791571027,0.022451606825235837,0,0.2481823661808269,-662.2109057780528,,2.1289911961862584,-0.007251879230824931,-484000000.0,0.0,0.1883621334984678,1.3142446257463973,57.4796076155051,-0.01919348758505951,0.2608036169692554,0,0,1,COST,2009-02-15,239000000,16843000000,565000000,1.1525292954622173,2.597459101983989,-27.34028901386235,-0.2392415507661223,-22.63401086857465,0.8122197039108839,-1.0154363236257735,2.2735445674816357,0.23829607760438634,22.84,Costco Wholesale Corporation,2009,1,HOLD
2237000000,9473000000,21304000000,3083000000,25000000,359000000,536000000,10087000000,9259000000,5277000000,2009,0.2361448326823604,0.1050037551633496,14.36,-846000000,-1.578358208955224,1.0894265039421103,0.5194945458472837,-0.0144624522354391,-0.6960031520163789,0.03137682199847114,1,-5.770962420419212,78.88016808460566,-22.891048703216466,2.965533900150308,-0.023804734251089893,-512000000.0,0.0,-0.025716371025011536,0.422429316639358,53.85440148064728,-0.01655285502026496,0.254431948593362,0,0,0,COST,2009-05-10,210000000,15806000000,460000000,0.9857303792714983,2.2993168232280103,-29.149877161605687,-0.16065328353552089,-24.932348505445333,0.7419263987983478,-5.311225007859788,2.2489179774094796,0.2056325435851587,21.44,Costco Wholesale Corporation,2009,1,HOLD
2226000000,10024000000,21979000000,3157000000,33000000,598000000,839000000,10337000000,9281000000,5405000000,2009,0.22206703910614525,0.10127849310705674,18.12121212121212,-931000000,-1.1096543504171632,1.1137808425816185,0.5314082534209675,-0.03319279870389538,-0.7769055245093894,0.04753460983746738,1,-13.003533571386505,233.48107161307317,,4.458126873295454,-0.014077793576215136,-85000000.0,8000000.0,-0.035572662257862014,-0.33922091965521806,53.14780837698812,0.009726940674874757,0.23938714624065197,0,0,0,COST,2009-08-31,374000000,22378000000,231000000,1.7016242777196415,3.6612244897959183,-11.535675022757907,-0.19784970515529654,-6.75587387489287,1.0181536921606988,-8.840207838452008,2.192637669592977,0.10377358490566038,25.424242424242426,Costco Wholesale Corporation,2009,1,HOLD
2215000000,10345000000,23478000000,3617000000,24000000,428000000,630000000,11627000000,10285000000,6223000000,2009,0.2141130981150314,0.09434364085526876,17.833333333333332,-1402000000,-2.2253968253968255,1.1304812834224598,0.5254253767622752,-0.05308834804924381,-2.4762329457981633,0.07155907750927049,1,-19.868286198048924,-987.1915343915343,5.6477093206950935,6.7577275374596235,-0.00795394099111385,-471000000.0,-9000000.0,-0.0391398022567955,-1.2498212662449317,49.853589288022995,0.006123852585101286,0.22410832330117902,0,0,0,COST,2009-11-22,266000000,17299000000,438000000,1.132975551580203,2.555732484076433,-9.547195222321214,-0.11440180182689175,-9.430977752286662,0.7368174461197717,-5.636133478640771,2.2695021749637507,0.19774266365688487,26.25,Costco Wholesale Corporation,2009,1,HOLD
2225000000,10651000000,23366000000,4134000000,26000000,470000000,685000000,11501000000,9865000000,5365000000,2010,0.20890057271617687,0.09522382949584866,18.076923076923077,-1909000000,-2.7868613138686134,1.165838824125697,0.6219969589457679,-0.05104899421727341,-2.2019226098405924,0.08882170921127153,0,-19.638037800748663,376.43647012544255,13.54851178971781,8.247010003952337,-0.005212525398854528,-507000000.0,2000000.0,-0.05040544241327591,-2.890903888997695,42.900674747666876,0.002741415592259322,0.21502690331245114,0,0,0,COST,2010-02-14,299000000,18742000000,416000000,1.2796370795172474,2.7376514445479962,11.028594635770549,-0.3065642414350229,5.397287774692039,0.8021056235555936,-1.2452394723484916,2.193784621162332,0.18696629213483146,26.346153846153847,Costco Wholesale Corporation,2010,1,HOLD
2162000000,10874000000,23899000000,4413000000,27000000,491000000,681000000,12057000000,10189000000,5546000000,2010,0.19882288026485195,0.09046403615214026,18.185185185185187,-2251000000,-3.3054331864904554,1.1833349690843067,0.6390224752183727,-0.037321952417508436,-1.7270749775352314,0.09390846514219642,1,-15.804687315648525,109.42224443958439,26.637779841122477,8.619990866973293,-0.010077692451324921,-342000000.0,1000000.0,-0.051784404652947535,-2.42307812955161,-8.771248023359224,-0.004865167052470393,0.2072788503653534,0,0,0,COST,2010-05-09,306000000,17780000000,671000000,1.2803883007657224,2.8248695918993554,29.892344569109298,-0.1109012831915297,22.856909642122368,0.7439641826017825,0.2746611802377341,2.197811292992459,0.31036077705827936,25.22222222222222,Costco Wholesale Corporation,2010,1,HOLD
2167000000,10829000000,23815000000,3214000000,34000000,688000000,934000000,11708000000,10063000000,5638000000,2010,0.2001108135561917,0.09099307159353348,20.235294117647058,-1047000000,-1.1209850107066381,1.1634701381297823,0.6031998410016893,-0.02195622554995355,-0.011330660289474936,0.049689295548163814,0,-9.887205970922475,1.0210981721664236,11.6663387763132,4.46131713246114,0.001287933291339749,1204000000.0,7000000.0,-0.05514902425384893,-0.7882361847988644,-8.078044054074574,0.01136562574266467,0.2026114221790735,1,1,0,COST,2010-08-31,432000000,24125000000,200000000,1.8139827839596894,3.970452446906741,6.6030149963903995,-0.1095318962884142,8.4460255844093,1.0130170060885997,-0.5045098899752798,2.199187367254594,0.09229349330872173,27.470588235294116,Costco Wholesale Corporation,2010,1,HOLD
2167000000,11199000000,26043000000,3739000000,26000000,525000000,721000000,13558000000,11502000000,6852000000,2010,0.19349941959103492,0.08320853972276619,20.192307692307693,-1572000000,-2.1803051317614424,1.178751521474526,0.5830290384280995,-0.02061367852399648,0.04509169363538312,0.04827023805206632,0,-9.627471978814606,-2.0262315970250633,13.227893601725382,4.269883876885716,-0.006611393965156781,-525000000.0,-8000000.0,-0.07370202657324029,-2.43114125216278,-8.57988857349985,-0.00789932725649653,0.19747770447069288,0,0,0,COST,2010-11-21,312000000,19239000000,414000000,1.198018661444534,2.945907526559928,5.740910275920186,-0.05454122806349093,15.266662098419626,0.738739776523442,0.2608964287957205,2.325475488882936,0.19104753114905398,27.73076923076923,Costco Wholesale Corporation,2010,1,HOLD
2145000000,11583000000,25716000000,3355000000,27000000,596000000,795000000,13138000000,10746000000,6127000000,2011,0.18518518518518517,0.08341110592627159,22.074074074074073,-1210000000,-1.5220125786163523,1.2225944537502327,0.652428810720268,-0.0237153875309917,1.264848735252261,0.05675562962453573,1,-11.3524760715772,-45.38613848338391,22.111899133175726,4.8682226436487674,-0.008314234405849746,362000000.0,1000000.0,-0.07476438174826511,-0.9370738745883312,-10.615019517772883,-0.0017028404406929654,0.19293180611080393,0,0,0,COST,2011-02-13,348000000,20875000000,492000000,1.3532431171255248,3.256118881118881,5.752102591153885,0.20071382166330753,18.938402023508406,0.8117514387929694,1.2025617267982236,2.22015022015022,0.22937062937062938,29.444444444444443,Costco Wholesale Corporation,2011,1,HOLD
2148000000,11963000000,26974000000,4082000000,27000000,556000000,757000000,14069000000,12494000000,6396000000,2011,0.1795536236729917,0.07963223845184252,20.59259259259259,-1934000000,-2.5548216644649933,1.1260605090443412,0.6141347846966544,-0.01926925659186024,0.7506115220254621,-0.0572744600399655,0,-9.691669573537842,-22.708416103924467,13.238289205702625,-4.84008852407073,-0.0056315615121934615,-724000000.0,0.0,-0.056591209009368676,-0.9764634555097693,-10.518450831411686,0.002682672893656285,0.18607940948307058,0,1,0,COST,2011-05-08,324000000,20623000000,533000000,1.2011566693853342,2.955141379065977,-6.188093981568299,0.21542629011383585,4.611603577743595,0.7645510491584488,2.767185173440767,2.2547855888991055,0.24813780260707635,28.037037037037038,Costco Wholesale Corporation,2011,1,HOLD
2153000000,12002000000,26761000000,4009000000,36000000,762000000,1035000000,13706000000,12050000000,6638000000,2011,0.1793867688718547,0.08045289787377154,21.166666666666668,-1856000000,-1.7932367149758455,1.1374273858921162,0.5865560165975103,-0.020724044684337,-0.6722517042692073,-0.026042752237666056,0,-10.356284258730286,59.96973178485574,4.602713178294593,-2.2383687715035294,-0.0001668548011370119,78000000.0,9000000.0,-0.04268027023429055,-0.6835823645586823,-11.092996566242885,0.0054647067110564496,0.1813751925766772,0,0,0,COST,2011-08-31,478000000,28178000000,469000000,1.7861813833563767,4.037442599788061,-1.5326165633516076,0.08455710563673513,1.6872171062900065,1.0529501887074475,3.9420051567579772,2.2297117147142145,0.217835578262889,28.75,Costco Wholesale Corporation,2011,1,HOLD
2264000000,11909000000,28004000000,4319000000,27000000,543000000,785000000,14993000000,13311000000,7618000000,2011,0.19010832143756823,0.08084559348664476,20.11111111111111,-2055000000,-2.6178343949044587,1.1263616557734204,0.5540530388400571,-0.003391098153466693,-0.4375292631430163,-0.05238986570110571,0,-1.7525107623753367,20.067340885885155,-0.40211640211641475,-4.444521576147798,0.010721552565713527,-199000000.0,-9000000.0,-0.024004776677463174,-0.3924375695076332,-10.726867431327891,0.010888407366850539,0.18301623799413821,1,1,0,COST,2011-11-20,320000000,21628000000,321000000,1.1426939008713042,2.8734212940097366,-4.618021601309696,0.00971834929110127,-2.460573928294252,0.7723182402513926,4.545371021711198,2.3514988664035603,0.1417844522968198,29.074074074074073,Costco Wholesale Corporation,2011,1,HOLD
2280000000,12232000000,27511000000,4389000000,27000000,644000000,863000000,14360000000,12409000000,6934000000,2012,0.18639633747547416,0.08287594053287776,23.85185185185185,-2109000000,-2.443800695249131,1.1572245950519784,0.5984366185832863,0.0012111522902889804,-0.9217881166327788,-0.06536985869825429,0,0.6540222367560578,60.563764687856114,8.053691275167797,-5.346814595611516,-0.003711983962094073,-54000000.0,0.0,-0.02250423524070272,0.3430606186194822,-10.494561320236674,-0.0144335365278076,0.18529714259496569,0,0,1,COST,2012-02-12,394000000,22967000000,291000000,1.4321544109628876,3.328280044101433,5.831272506671326,0.15251733144564028,2.216171018846702,0.8348297044818436,2.843021223736941,2.2491007194244603,0.12763157894736843,31.962962962962962,Costco Wholesale Corporation,2012,1,HOLD
1373000000,12585000000,27836000000,4791000000,19000000,623000000,843000000,14591000000,12366000000,7044000000,2012,0.10909813269765593,0.04932461560569047,32.78947368421053,-3418000000,-4.054567022538553,1.1799288371340773,0.6103024421801715,-0.07045549097533578,-1.4997453580735596,0.05386832808973607,1,-39.23924760418724,58.702545814978535,59.229458538432425,4.783786275877189,-0.07729820477781822,-1309000000.0,-8000000.0,-0.08972474756719602,-0.7491338360480975,-22.69404370844157,-0.07358622081572415,0.1618675972035661,0,0,0,COST,2012-05-06,386000000,22324000000,815000000,1.3866934904440293,3.347542627883651,15.446512997645812,0.10630518967830693,13.278594777137176,0.8019830435407386,4.895944413848041,2.2118394914580852,0.593590677348871,44.36842105263158,Costco Wholesale Corporation,2012,1,HOLD
1382000000,12361000000,27140000000,3528000000,22000000,949000000,1241000000,13526000000,12260000000,7096000000,2012,0.11180325216406439,0.05092114959469418,43.13636363636363,-2146000000,-1.7292506043513296,1.1032626427406198,0.5244698205546493,-0.06758351670779031,0.06398611062451587,-0.034164743151496424,0,-37.67475000124938,-3.568190975020147,103.79384395132422,-3.0036856484425223,0.0027051194664084593,1272000000.0,3000000.0,-0.08830756139212731,-0.6082655936446915,-20.446960368431977,0.08000332424422668,0.1357659074457315,1,1,0,COST,2012-08-31,609000000,32218000000,150000000,2.2439204126750183,5.179000218292949,25.6266823506196,0.4299376287153289,28.27427487303007,1.1871039056742816,12.740746751896692,2.1956152414853167,0.1085383502170767,56.40909090909091,Costco Wholesale Corporation,2012,1,HOLD
1378000000,12665000000,29323000000,3897000000,13000000,639000000,872000000,15405000000,14135000000,8152000000,2012,0.10880378997236478,0.04699382737100569,49.15384615384615,-2519000000,-2.8887614678899083,1.089847895295366,0.5131234524230633,-0.08130453146520344,-0.2709270729854496,-0.036513760478054325,1,-42.767476378935854,10.349282350052459,144.41138971525712,-3.241743918651241,-0.002999462191699609,-373000000.0,-9000000.0,-0.08469562961867014,-0.7084563361284659,-20.200483016361314,-0.005704581658108068,0.10990172494469504,0,1,0,COST,2012-11-25,416000000,23715000000,614000000,1.4186815810114928,3.4127323221533863,24.15237185826826,0.22066291956695872,18.768950771958124,0.8087508099444123,4.717300174233974,2.3152783260955387,0.4455732946298984,67.07692307692308,Costco Wholesale Corporation,2012,1,HOLD
4870000000,10112000000,29089000000,4413000000,25000000,738000000,981000000,15110000000,13045000000,7582000000,2013,0.48160601265822783,0.16741723675616213,29.52,457000000,0.4658511722731906,1.1582981985435032,0.5770793407435799,0.29520967518275365,2.9096518675223217,0.001073603491524855,0,158.37740117699312,-119.062568120994,23.763975155279503,0.09277399530871477,0.37280222268586305,2976000000.0,12000000.0,0.29642082747304266,1.987863750889543,32.104442681907756,0.37580168487756266,0.23407101826488566,1,0,1,COST,2013-02-17,547000000,24871000000,-32000000,1.880435903606174,3.6944333199839807,31.30119833530316,0.5271927864806492,11.001276065440035,0.8549967341606793,2.415705810486579,2.876681170886076,-0.006570841889117043,39.24,Costco Wholesale Corporation,2013,1,HOLD
4887000000,10472000000,30006000000,5448000000,25000000,722000000,1388000000,15863000000,13509000000,7635000000,2013,0.46667303284950346,0.16286742651469707,28.88,-561000000,-0.404178674351585,1.1742542009031016,0.6090754311940189,0.3575749001518475,3.6503883481869677,-0.005674636230975638,0,327.75528903211955,-90.03152069987168,-11.92295345104335,-0.48093037922174453,-0.014932979808724378,-1018000000.0,0.0,0.28711940917651174,2.150642990113408,32.89708287674118,-0.3877352024945874,0.352360945160032,0,0,1,COST,2013-05-12,459000000,24083000000,1495000000,1.5296940611877625,3.525620157562341,10.312341676742376,0.32853739180242836,5.319649351000866,0.8026061454375791,0.0776951460332187,2.865355233002292,0.3059136484550849,55.52,Costco Wholesale Corporation,2013,1,HOLD
4998000000,10833000000,30283000000,4644000000,36000000,954000000,1285000000,15840000000,13257000000,7894000000,2013,0.4613680420936029,0.16504309348479346,26.5,354000000,0.2754863813229572,1.1948404616429056,0.5993814588519273,0.3495647899295385,2.004736985674287,0.09157781890228578,0,312.66066340948083,-115.93096920884389,-38.56691253951527,8.300636254192106,-0.005304990755900574,915000000.0,11000000.0,0.28198127322174815,2.0687230962988026,32.10694524851447,0.009627989052823804,0.4698823625337781,0,0,1,COST,2013-08-31,617000000,32487000000,-141000000,2.0374467523032727,4.519613416714042,-9.201469856304067,0.251265368946896,-12.731932299401372,1.0727801076511574,-9.630479478389686,2.7954398596879906,-0.028211284513805522,35.69444444444444,Costco Wholesale Corporation,2013,1,HOLD
4987000000,11221000000,32319000000,4699000000,27000000,668000000,917000000,17473000000,14933000000,9337000000,2013,0.44443454237590235,0.1543055168786163,24.74074074074074,288000000,0.31406761177753545,1.1700930824348759,0.5448335900354918,0.33563075240353757,3.2028290796674437,0.08024518713950979,1,308.47340197320784,-110.87205071337875,-49.666724627601,7.362971244511329,-0.01693349971770053,-66000000.0,-9000000.0,0.2543262209383341,2.931902006681994,31.939868346273915,-0.011628508961799955,0.45749187243966954,0,1,1,COST,2013-11-24,425000000,25017000000,365000000,1.3150159348989758,3.09106614017769,-7.3071820696089755,0.17232203402767166,-9.425473538830886,0.7740647916086513,-4.2888387757095465,2.880224578914535,0.07319029476639262,33.96296296296296,Costco Wholesale Corporation,2013,1,HOLD
4985000000,11515000000,31566000000,5130000000,26000000,724000000,994000000,16634000000,13884000000,8267000000,2014,0.43291359096830223,0.15792308179687006,27.846153846153847,-145000000,-0.14587525150905434,1.1980697205416306,0.6026361279170268,-0.0486924216899256,-0.611726423782245,0.03977152199812739,1,-10.110426450277776,-131.31370278564165,-5.670210548259325,3.433616839613318,-0.011520951407600122,-433000000.0,-1000000.0,0.24651725349282808,2.297925443740077,32.7185597316618,0.005412548310100407,0.4462387251459358,0,0,0,COST,2014-02-16,463000000,26306000000,266000000,1.4667680415637077,3.290909090909091,-21.998509029165092,0.03461363060082001,-10.92249322493225,0.8333650129886587,-2.530035532036945,2.741293964394268,0.05336008024072217,38.23076923076923,Costco Wholesale Corporation,2014,1,HOLD
4985000000,11819000000,32701000000,5736000000,25000000,737000000,1457000000,17533000000,14687000000,8483000000,2014,0.4217784922582283,0.15244182135102902,29.48,-751000000,-0.515442690459849,1.1937768094232994,0.6161911894873017,-0.04489454059127518,-0.11126401610826403,0.019522608520197826,0,-9.620127462079676,27.52842323676836,2.0775623268698196,1.6625538580303356,-0.011135098710073954,-606000000.0,-1000000.0,0.31268035956057233,3.539124332078704,32.93216723091488,0.0003858526975261678,0.4330422085341443,0,1,0,COST,2014-05-11,473000000,25794000000,1716000000,1.446438946821198,3.2893953820518926,-5.442599045061291,0.05974545637716866,-6.700233290978719,0.7887832176386044,-1.7222554147574454,2.766816143497758,0.34423269809428286,58.28,Costco Wholesale Corporation,2014,1,HOLD
5093000000,12303000000,33024000000,5738000000,35000000,1091000000,1121000000,17588000000,14412000000,8456000000,2014,0.41396407380313743,0.15422117248062014,31.17142857142857,-645000000,-0.5753791257805531,1.2203719122953094,0.6336386344712739,-0.04740396829046545,-0.8508655071035103,0.02553145065240381,0,-10.274653631264751,-308.85937192881653,17.628032345013466,2.136808341533558,-0.007814418455090844,106000000.0,10000000.0,0.30216082163907304,1.1538714785707764,32.1470324651189,0.0033206802549831105,0.422885385676556,0,0,0,COST,2014-08-31,697000000,35523000000,-1377000000,2.1105862403100772,4.7036675097723615,3.5897619372934564,-0.13333417236494105,4.0723415055293755,1.075672238372093,0.2695921279960878,2.6842233601560594,-0.2703710975849205,32.02857142857143,Costco Wholesale Corporation,2014,1,HOLD
5034000000,12359000000,34613000000,5969000000,26000000,770000000,1059000000,19156000000,16019000000,9644000000,2014,0.4073145076462497,0.14543668563834397,29.615384615384617,-935000000,-0.882908404154863,1.1958299519320807,0.5937948685935451,-0.03712003472965264,-1.1969760159323986,0.025736869497204884,1,-8.352193898163874,-381.12048840625323,19.702901888530633,2.1995574440666132,-0.006649566156887721,-290000000.0,-9000000.0,0.29851071767388493,2.0058530637350453,28.916819912557322,0.0011648522982031229,0.4143523579025385,0,1,0,COST,2014-11-23,496000000,26866000000,573000000,1.4329876058128448,3.3203012706261137,8.971121017094896,0.014306024801352013,7.416053880854401,0.7761823592291913,0.2735646477524556,2.8006311190225746,0.11382598331346841,40.73076923076923,Costco Wholesale Corporation,2014,1,HOLD
5030000000,10206000000,33600000000,5866000000,27000000,877000000,1157000000,18058000000,18249000000,8558000000,2015,0.49284734469919655,0.14970238095238095,32.48148148148148,-836000000,-0.7225583405358686,0.9895336730779769,0.5205764699435586,0.059933753730894324,-0.5766830890268143,-0.20853604746365373,1,13.84427631316445,395.326200339761,16.646204215264994,-17.406002663131947,0.08553283705294684,99000000.0,1000000.0,0.011241332040968721,-1.1884095128090593,38.279674578420455,0.09218240320983456,0.4380419753828612,1,1,1,COST,2015-02-15,598000000,27454000000,288000000,1.7797619047619049,4.317077973221318,21.339015735884015,-0.10067399884426909,31.18192736307872,0.8170833333333334,-1.9537272865505995,3.292181069958848,0.057256461232604375,42.851851851851855,Costco Wholesale Corporation,2015,1,HOLD
6026000000,10587000000,33491000000,5063000000,31000000,821000000,1606000000,17634000000,16736000000,8869000000,2015,0.5691886275621044,0.17992893613209518,26.483870967741936,963000000,0.599626400996264,1.0536567877629064,0.5237213193116634,0.14741013530387614,1.115069091456113,-0.14012002166039306,0,34.949656753390414,-216.33231241698488,-10.1632599466013,-11.737539258120078,0.07634128286290787,1799000000.0,4000000.0,0.10251559471260097,1.003805075347849,73.43881554521118,-0.009191554190038975,0.4897834933025169,1,0,1,COST,2015-05-10,516000000,26101000000,1669000000,1.5407124302051296,3.7064347197977487,6.517626173653168,0.01101836901736708,12.678297659848692,0.7793437042787614,-1.196718331318225,3.16340795315009,0.2769664785927647,51.806451612903224,Costco Wholesale Corporation,2015,1,HOLD
6135000000,10617000000,33017000000,4801000000,40000000,1156000000,1547000000,16779000000,16539000000,8908000000,2015,0.5778468493924838,0.1858133688705818,28.9,1334000000,0.8623141564318035,1.0145111554507527,0.47590543563697923,0.16388277558934633,1.4376932822123565,-0.20586075684455674,0,39.588646928641815,-249.86886346667472,-7.286892758936759,-16.86869017309388,0.008658221830379342,371000000.0,9000000.0,0.11647880729888088,0.5868277751088463,72.89646121054763,-0.06768306103252852,0.5466276072179282,1,1,1,COST,2015-08-31,767000000,35778000000,223000000,2.3230457037283827,5.175501432664756,10.066372051543926,0.28559895142511005,10.031192083881567,1.083623587848684,0.7391981677080883,3.1098238673824996,0.03634881825590872,38.675,Costco Wholesale Corporation,2015,1,HOLD
6126000000,10848000000,35451000000,5054000000,33000000,767000000,1066000000,18858000000,18293000000,10382000000,2015,0.5647123893805309,0.1728018955741728,23.242424242424242,1072000000,1.0056285178236397,1.0308861313070574,0.4633466353249877,0.1573978817342812,1.8885369219785026,-0.16494382062502333,1,38.64283711469967,-213.89952945189674,-21.51908697363243,-13.793250483358987,-0.013134460011952842,-262000000.0,-7000000.0,0.12027784700462857,0.6915609060461043,73.1388110330094,-0.021792681842332184,0.5705826221117064,0,0,1,COST,2015-11-22,480000000,27220000000,96000000,1.3539815520013538,3.389006716154118,-5.513380122131329,0.038965617102378,2.0692533576945005,0.7678203717807678,-1.0773225323914337,3.2679756637168142,0.015670910871694418,32.303030303030305,Costco Wholesale Corporation,2015,1,HOLD
4975000000,11000000000,32388000000,3633000000,31000000,856000000,1157000000,15529000000,15433000000,8908000000,2016,0.45227272727272727,0.15360627392861553,27.612903225806452,1342000000,1.1598962834917892,1.006220436726495,0.42901574548046395,-0.040574617426469284,1.8824546240276578,0.016686763648518177,1,-8.232694740647029,-260.5263157894737,-14.988781402876372,1.6863260041079187,-0.11243966210780365,270000000.0,-2000000.0,0.01935913630442504,1.3057715350008436,-2.072913606304283,-0.09930520209585081,0.5316106553485807,0,1,0,COST,2016-02-14,546000000,28170000000,167000000,1.6858095590959614,4.018779342723005,-5.278927783236953,0.21904151753225376,-6.909734601706264,0.8697665802148944,6.447720169084459,2.9443636363636365,0.0335678391959799,37.32258064516129,Costco Wholesale Corporation,2016,1,HOLD
5114000000,11505000000,33873000000,4884000000,30000000,858000000,1156000000,16542000000,16999000000,8927000000,2016,0.44450239026510213,0.15097570336256014,28.6,230000000,0.19896193771626297,0.9731160656509207,0.4479675275016177,-0.12468623729700229,-0.400664463280001,-0.08054072211198571,0,-21.905960741177623,-66.8190164099358,7.990255785627287,-7.643923813463727,-0.007770337007625139,-1112000000.0,-1000000.0,0.022723898006873855,0.714404628176112,-1.6093570837769744,0.10466932510017851,0.4871625023061201,0,1,0,COST,2016-05-08,545000000,26769000000,1398000000,1.6089510819827,3.8720741320175702,4.4290323385321795,0.16251213516150198,4.468968826971809,0.7902754406164202,1.4026848844279183,2.9441981747066492,0.2733672272193977,38.53333333333333,Costco Wholesale Corporation,2016,1,HOLD
5161000000,12079000000,33163000000,3379000000,39000000,1191000000,1628000000,15218000000,15575000000,8969000000,2016,0.42727046940971936,0.15562524500196,30.53846153846154,1782000000,1.0945945945945945,0.9770786516853932,0.4012199036918138,-0.1505763799827644,0.23228043816279098,-0.03743250376535945,0,-26.058181357408472,26.936869403136242,5.669417088102224,-3.689708443740869,-0.017231920855382776,1552000000.0,9000000.0,0.013306395606581922,1.6699737203751477,-2.526822653284644,-0.009461583847757637,0.44134852898251625,0,0,0,COST,2016-08-31,779000000,36560000000,-1018000000,2.3490034074118746,5.181264501160093,1.1173996121484286,0.2384171671017974,0.11135285286489882,1.102433434852094,1.7358284937995183,2.7455087341667355,-0.19724859523348187,41.743589743589745,Costco Wholesale Corporation,2016,1,HOLD
5092000000,11973000000,36532000000,4805000000,29000000,849000000,1172000000,18570000000,19161000000,10721000000,2016,0.42529023636515495,0.13938464907478376,29.275862068965516,287000000,0.24488054607508533,0.969156098324722,0.40963415270601744,-0.13942215301537597,-0.7607479717485544,-0.06173003298233537,1,-24.689055107913795,-75.64900539962305,25.958728588769485,-5.988055431890238,-0.0019802330445644056,-1495000000.0,-10000000.0,0.017975728718905237,1.1277889502299483,-1.4569797455468825,0.01525168781081837,0.43235436534665883,0,1,0,COST,2016-11-20,545000000,28099000000,2126000000,1.491842767984233,3.731321418107237,10.181912432935514,0.0588551621713882,10.100738376275098,0.7691612832585131,0.17463869506815222,3.0511985300258915,0.41751767478397483,40.41379310344828,Costco Wholesale Corporation,2016,1,HOLD
5072000000,12440000000,35630000000,4744000000,31000000,844000000,1152000000,17460000000,18860000000,9530000000,2017,0.4077170418006431,0.1423519506034241,27.225806451612904,328000000,0.2847222222222222,0.9257688229056203,0.42046659597030756,-0.04455568547208416,-0.875174061269567,-0.08045161382087473,1,-9.851508345586446,-75.45278605729426,-1.4018691588784993,-7.995426338447809,-0.01757319456451184,41000000.0,2000000.0,-0.08513030289855344,1.007280562758091,-1.9789806127462506,-0.015592961519947435,0.42009258252517245,0,1,0,COST,2017-02-12,515000000,29766000000,-23000000,1.4454111703620545,3.61466423024212,-14.260115410831098,-0.3343507343998504,-10.055668102620153,0.8354195902329498,-3.9489893913213447,2.8641479099678455,-0.004534700315457414,37.16129032258065,Costco Wholesale Corporation,2017,1,HOLD
3979000000,9898000000,35631000000,4538000000,21000000,968000000,1306000000,17256000000,21394000000,9736000000,2017,0.40200040412204485,0.11167242008363504,46.095238095238095,-559000000,-0.4280245022970903,0.806581284472282,0.35150042067869497,-0.04250198614305728,-0.6269864400133534,-0.16653478117863874,1,-9.561700245910721,-315.1288368067115,61.172161172161154,-17.11355788451021,-0.0057166376785982576,-887000000.0,-10000000.0,-0.16718822344005957,-1.0276509032933543,-1.5881596907642792,0.011856556885913583,0.41166922742928097,0,1,0,COST,2017-05-07,700000000,28860000000,1066000000,1.9645814038337404,5.231678316639043,22.10324016891796,0.42386897362861076,35.113072174396656,0.8099688473520249,2.491967448747201,3.599818145079814,0.26790650917315906,62.19047619047619,Costco Wholesale Corporation,2017,1,HOLD
6659000000,10778000000,36347000000,4546000000,53000000,1450000000,1913000000,17317000000,17495000000,9834000000,2017,0.6178326220077937,0.18320631688997716,27.358490566037737,2113000000,1.1045478306325143,0.9898256644755644,0.4277222063446699,0.1905621525980743,0.009953236037919755,0.012747012790171208,0,44.59988841759619,0.9093079837111828,-10.413003184259306,1.3046045748910329,0.2158322178857488,2672000000.0,32000000.0,0.03998577261530989,0.24223367420071074,14.279779693868289,0.22154885556434706,0.47585002264349385,1,0,1,COST,2017-08-31,919000000,42300000000,1055000000,2.5284067460863344,6.236737970981246,7.637423517921826,0.20536104235795172,20.370962910402124,1.1637824304619364,5.564870736896066,3.3723325292262016,0.15843219702658057,36.094339622641506,Costco Wholesale Corporation,2017,1,HOLD
6478000000,11078000000,39378000000,5689000000,37000000,951000000,1308000000,19897000000,20360000000,11213000000,2017,0.5847625925257267,0.1645081009700848,25.7027027027027,789000000,0.6032110091743119,0.9772593320235756,0.42652259332023573,0.15947235616057176,0.35833046309922656,0.008103233698853574,1,37.497300084652906,146.32867691717544,-12.205138000191006,0.8361123365844492,-0.03307002948206694,-1324000000.0,-16000000.0,0.02005020314519579,-0.4024175086493278,12.81059797529991,-0.24890224736781574,0.5348652062185217,0,1,1,COST,2017-11-26,640000000,31809000000,1186000000,1.6252729950733913,4.062713602187286,8.94398725875436,0.27129144307203745,8.881362577661612,0.8077860734420235,5.021676340738113,3.5546127459830292,0.1830811979005866,35.351351351351354,Costco Wholesale Corporation,2017,1,HOLD
6505000000,11754000000,38703000000,4781000000,37000000,1016000000,1367000000,18899000000,18913000000,10671000000,2018,0.5534286200442402,0.16807482624085987,27.45945945945946,1724000000,1.2611558156547185,0.9992597684132607,0.4350446782636282,0.1457115782435971,0.9764335934324962,0.07349094550764035,0,35.738407597601494,342.94253037629136,0.8582041757397185,7.9383690279157815,-0.031333972481486505,935000000.0,0.0,0.10115589277151293,0.10125953216292927,3.9400842443579,0.0017360570005804377,0.5853412781925869,0,0,1,COST,2018-02-18,701000000,32995000000,-399000000,1.8112291036870527,4.1732844076893585,25.308918377416866,0.12541954459109128,15.454275746376055,0.8525178926698189,2.046672431047658,3.2927514037774372,-0.06133743274404305,36.945945945945944,Costco Wholesale Corporation,2018,1,HOLD
6492000000,12143000000,39605000000,5877000000,37000000,1067000000,1435000000,19693000000,19411000000,10626000000,2018,0.5346290043646545,0.16391869713420024,28.83783783783784,615000000,0.42857142857142855,1.0145278450363195,0.46710627994436144,0.1326286002426097,0.8565959308685189,0.2079465605640376,1,32.99215594876479,-200.12777919754666,-37.43857493857493,25.781228075492702,-0.018799615679585657,-1109000000.0,0.0,0.09012661409955242,0.22960949085516558,-2.0663140086510934,0.012534356801900848,0.5576067389782072,0,0,1,COST,2018-05-13,750000000,32361000000,1520000000,1.8937002903673779,4.294338610142206,-3.6079499341713728,0.2847492083846779,-17.916615849940232,0.8170938012877162,0.8796577743680478,3.2615498641192455,0.2341343191620456,38.78378378378378,Costco Wholesale Corporation,2018,1,HOLD
6577000000,12799000000,40830000000,6055000000,48000000,1446000000,1928000000,20289000000,19926000000,11040000000,2018,0.5138682709586686,0.16108253734998776,30.125,522000000,0.27074688796680496,1.0182174043962662,0.4641674194519723,-0.10396435104912505,-0.8338009426657094,0.028391739920701764,0,-16.827267992303195,-75.4879887988406,10.11206896551724,2.8683576249505016,-0.020760733405985943,-93000000.0,11000000.0,0.08659780154894925,-0.8238477066277896,-3.8358897479163545,-0.0019611177264002855,0.5339752984558545,0,0,0,COST,2018-08-31,1043000000,44411000000,498000000,2.5544942444281165,5.597130470685384,1.0317761721749141,0.20549083701624182,-10.255481363364549,1.087705118785207,-6.537073398378457,3.190092976013751,0.07571841265014444,40.166666666666664,Costco Wholesale Corporation,2018,1,HOLD
6480000000,13167000000,43814000000,6778000000,36000000,949000000,1302000000,22954000000,22473000000,12205000000,2018,0.49213943950786054,0.14789793216780026,26.36111111111111,-298000000,-0.22887864823348694,1.0214034619320962,0.4783073020958484,-0.09262315301786617,-0.8320896574077988,0.04414412990852057,1,-15.839445648841021,-137.94338046760467,2.561631031662581,4.517135673405437,-0.02172883145080806,-820000000.0,-12000000.0,0.0668492031427056,-0.4737591943085723,-4.481619279241444,-0.0009680980448221188,0.5135455716103946,0,0,0,COST,2018-11-25,767000000,35069000000,1447000000,1.7505820057515862,3.6226904870972665,7.710028472634312,0.2587392377673532,-10.830768746611131,0.8004062628383621,-0.9135847777389294,3.3275613275613276,0.22330246913580246,36.166666666666664,Costco Wholesale Corporation,2018,1,HOLD
6492000000,13858000000,42799000000,6080000000,34000000,1203000000,1601000000,21648000000,22450000000,11356000000,2019,0.46846586809063356,0.15168578705109934,35.38235294117647,412000000,0.25733916302311055,0.9642761692650335,0.4584409799554566,-0.08496275195360664,-1.003816652631608,-0.03498359914822724,0,-15.352070506728555,-79.59497471852714,28.853056970819836,-3.5009514296545974,-0.02367357141722698,710000000.0,-2000000.0,0.060748826289990454,-0.02738305919911166,1.1794974741801578,-0.001944739966418918,0.4914911928523875,0,1,0,COST,2019-02-17,889000000,35396000000,-806000000,2.0771513353115725,4.433660933660934,14.681866092102403,0.631740164949518,6.239127280465873,0.8270286688941331,-2.9898755198980775,3.0883965940251117,-0.12415280345040049,47.088235294117645,Costco Wholesale Corporation,2019,1,HOLD
6498000000,14486000000,43752000000,7013000000,35000000,1122000000,1494000000,22285000000,22832000000,11304000000,2019,0.4485710341018915,0.14851892484914975,32.05714285714286,-515000000,-0.34471218206157966,0.9760423966362999,0.480947792571829,-0.08605797026276307,-0.7732836106330082,-0.03848544840001966,0,-16.096764215969372,-180.43284248103527,11.163475699558179,-3.7934344126988373,-0.01989483398874209,-927000000.0,1000000.0,0.04657062997984662,0.08331232023551066,0.3041823013999245,0.0037787374284848907,0.4697254472334618,0,0,0,COST,2019-05-12,906000000,34740000000,1433000000,2.070762479429512,4.010198246282883,9.350063997074432,0.1061810755957715,-6.616626904740375,0.7940208447613823,-2.823783082183662,3.0202954576832806,0.22052939365958757,42.68571428571428,Costco Wholesale Corporation,2019,1,HOLD
6823000000,15243000000,45400000000,8384000000,45000000,1463000000,2010000000,23485000000,23237000000,11395000000,2019,0.44761529882569046,0.1502863436123348,32.51111111111111,-1561000000,-0.7766169154228856,1.0106726341610364,0.5202909153505185,-0.06625297213297815,-1.0473638033896906,-0.007544770235229814,0,-12.89298753732686,-386.84241627113477,7.9207007837713395,-0.7409783217861343,-0.0009557352762010196,-1046000000.0,10000000.0,-0.1702173231821032,-1.8811647460553997,1.5626477871624411,0.01893909871254107,0.4548840670060718,0,0,0,COST,2019-08-31,1097000000,47498000000,1284000000,2.4162995594713657,4.9725822532402795,-5.409864800368302,-0.11210718661496877,-11.158364464007697,1.0462114537444933,-3.814789902529414,2.978416322246277,0.18818701450974645,44.666666666666664,Costco Wholesale Corporation,2019,1,HOLD
9249000000,15861000000,51431000000,9027000000,38000000,1061000000,1465000000,26643000000,26265000000,13818000000,2019,0.5831284282201626,0.1798331745445354,27.92105263157895,222000000,0.1515358361774744,1.0143917761279269,0.4882924043403769,0.0909889887123021,0.3804144844109614,-0.007011685804169332,0,18.488457011958047,-166.2079391621046,5.917586379013917,-0.6864756254992499,0.1355131293944722,1783000000.0,-7000000.0,-0.0016341643055640676,-0.4516751729968375,11.094595994780132,0.1364688646706732,0.4931049203825815,1,0,1,COST,2019-11-24,844000000,37040000000,1387000000,1.6410336178569345,3.169056152927121,-6.257826684766976,0.015760622783543177,-12.522028469885282,0.7201882133343703,-10.022166645663965,3.2426076539940736,0.14996215807114283,38.55263157894737,Costco Wholesale Corporation,2019,1,HOLD
8045000000,16614000000,48782000000,7786000000,34000000,1266000000,1700000000,23703000000,22695000000,11850000000,2020,0.4842301673287589,0.16491738756098562,37.23529411764706,259000000,0.15235294117647058,1.044415069398546,0.5222736285525447,0.015764299238125334,-0.10498622184663997,0.08013890013351244,1,3.3650902471032085,-40.7968303826385,5.2369077306733125,8.310783019204337,-0.09889826089140374,37000000.0,-4000000.0,-0.0691984527154813,-1.1088028744782479,5.900414329116099,-0.23441139028587593,0.5049912981248706,0,0,1,COST,2020-02-16,931000000,39072000000,74000000,1.9084908367840596,3.8505211079119186,-8.119798286253122,0.09726173309700692,-13.15255799832914,0.8009511705137141,-3.1531553090279996,2.9361983869026123,0.009198259788688627,50.0,Costco Wholesale Corporation,2020,1,HOLD
11630000000,16802000000,51732000000,10826000000,37000000,1179000000,1582000000,25254000000,22779000000,11010000000,2020,0.6921795024401857,0.22481249516740123,31.864864864864863,804000000,0.5082174462705437,1.1086527064401421,0.6253127880942974,0.2436084683382942,0.8529296283321233,0.13261030980384225,0,54.30766808785057,-247.43240091809557,-0.5997976586211928,13.586531718381533,0.20794933511142677,545000000.0,3000000.0,0.15755049807553112,0.07964601769911511,19.85718722033145,0.3068475960028305,0.5865126993297024,1,0,1,COST,2020-05-10,838000000,37266000000,1200000000,1.6198871104925385,3.1100520540236354,-21.773398611181516,-0.27381317987483933,-22.446426260686923,0.7203665042913477,-9.276121773877243,3.078919176288537,0.10318142734307825,42.75675675675676,Costco Wholesale Corporation,2020,1,HOLD
10167000000,18284000000,55556000000,12277000000,51000000,1929000000,2429000000,28120000000,24844000000,12242000000,2020,0.5560599431196674,0.1830045359637123,37.8235294117647,-2110000000,-0.868670234664471,1.1318628240218966,0.6391080341329899,0.10844464429397699,-0.09205331924158544,0.12119018986086028,1,24.22719790375336,11.85311798049884,16.340316030718483,11.99104297124467,-0.13611955932051822,-2914000000.0,14000000.0,0.04219167216099884,-1.139417122631276,-3.450449003216749,-0.344068894431945,0.5774898709628706,0,0,1,COST,2020-08-31,1389000000,53383000000,3390000000,2.5001799985600113,5.085058521668834,3.471442055263907,-0.05431424586810518,2.261928766593302,0.9608863129094968,-8.155630540041358,3.038503609713411,0.33343169076423723,47.627450980392155,Costco Wholesale Corporation,2020,1,HOLD
10199000000,14860000000,60217000000,13590000000,39000000,1430000000,1863000000,32096000000,32667000000,14901000000,2020,0.6863391655450874,0.1693707756945713,36.666666666666664,-3391000000,-1.8201825013419217,0.9825205865246273,0.5263721798757156,0.1032107373249248,-1.971718337519396,-0.0318711896032996,0,17.699486481896763,-1301.1564704801422,31.32265158655354,-3.1419014184989047,0.13027922242542,-1281000000.0,-12000000.0,0.1941997260372269,-1.5913038531084347,5.483953793230256,0.26639878174593823,0.6448595370349802,1,1,1,COST,2020-11-22,1166000000,43208000000,1754000000,1.936330272182274,4.279899437327906,17.994552403562246,0.18574826643068776,35.05281165102569,0.7175382367105635,-0.36795612240553277,4.05228802153432,0.17197764486714384,47.76923076923077,Costco Wholesale Corporation,2020,1,HOLD
