revenue,year_x,revenue_growth_yoy,revenue_growth_qoq,revenue_cagr_2yr,revenue_growth_vs_industry,revenue_growth_trend,operating_margin_change_1yr,operating_margin_momentum,roe_change_1yr,roe_trend_2yr,ocf_to_ni_ratio,fcf_to_ni_ratio,quality_of_earnings,reinvestment_rate,growth_capex_pct,revenue_growth_velocity,revenue_velocity_qoq,revenue_growth_acceleration,growth_momentum_positive,growth_deceleration_warning,operating_margin_trend_1yr,operating_margin_velocity_qoq,operating_margin_acceleration,margin_momentum_positive,is_margin_expanding,revenue_growth_trend_4q,is_growth_accelerating,net_income,gross_profit,cost_of_revenue,operating_income,eps,gross_margin,net_margin,cost_efficiency,eps_to_revenue,net_income_growth_yoy,gross_profit_growth_yoy,eps_growth_yoy,gross_margin_change_1yr,net_margin_trend_1yr,is_profitability_improving,symbol,date,total_assets,total_equity,operating_margin,gross_margin_trend_2yr,operating_margin_trend_2yr,net_margin_trend_2yr,roe_decomposed,earnings_stability,operating_leverage,company,year_y,label,label_name
7737000000,2000,,,,0,0,,,,,0.927863436123348,-0.5952643171806168,0.927863436123348,1.6415430267062314,50,,,,0,0,,,,0,0,,0,181600000,999400000,6737600000,298300000,0.41,12.91715135065271,2.347162983068373,87.08284864934728,0.05299211580716039,,,,,,0,COST,2000-02-13,8108300000,3937200000,3.85549954762828,,,,0.046124149141521895,,0.0,Costco Wholesale Corporation,2000,1,HOLD
6894608000,2000,,-10.887837663176947,,0,0,,-0.9951483862569592,,,1.4331291708565683,-0.41860233193993135,1.4331291708565683,1.2920897435153988,50,,-10.887837663176947,,0,0,,-0.9951483862569592,,0,0,,0,120329000,868469000,6026139000,197210000,0.27,12.596350655468738,1.7452623847505182,87.40364934453126,0.03916103714670943,,,,,,0,COST,2000-05-07,8198265000,4107659000,2.860351161371321,,,,0.029293814311265858,,0.0,Costco Wholesale Corporation,2000,1,HOLD
10589189000,2000,,53.5865273268618,,0,0,,0.2249370509743085,,,2.4448302045138925,-0.005460031371451978,2.4448302045138925,1.002233296758757,50,,53.5865273268618,,0,0,,0.2249370509743085,1.2200854372312677,1,0,,0,200182000,1345723000,9243466000,326707000,0.42,12.708461431748926,1.8904375018710122,87.29153856825107,0.03966309412363874,,,,,,0,COST,2000-08-31,8633940000,4240280000,3.0852882123456293,,,,0.04720961823275822,,0.0,Costco Wholesale Corporation,2000,1,HOLD
7637278000,2000,,-27.876648532762992,,0,0,,-0.3116953170758747,,-0.3065257184341652,0.9115896263926313,-2.025432169300731,0.9115896263926313,3.2218683831625308,50,,-27.876648532762992,,0,0,,-0.3116953170758747,-0.5366323680501832,0,0,,0,129521000,988337000,6648941000,211827000,0.29,12.940958807575159,1.695905268866735,87.05904119242483,0.03797164382388594,,,,,,0,COST,2000-11-26,9517757000,4326786000,2.7735928952697546,,,,0.02993469055321895,0.2470713855843604,0.0,Costco Wholesale Corporation,2000,1,HOLD
8306309000,2001,7.3582654775752765,8.76007132384078,,0,0,-0.395864227054485,0.6860424253040405,-0.7400706718566035,-0.1416053719517895,1.827740872254031,-0.14259501520583087,1.827740872254031,1.0780170851188429,50,,8.76007132384078,,0,0,-0.395864227054485,0.6860424253040405,0.9977377423799152,1,0,,0,176577000,1099267000,7207042000,287368000,0.39,13.234121196309937,2.125817857245619,86.76587880369007,0.04695226243088235,-2.7659691629955963,9.992695617370417,-4.8780487804877986,0.3169698456572281,-0.2213451258227539,0,COST,2001-02-18,9506282000,4559951000,3.459635320573795,,,,0.03872344242295586,0.2153146271112623,-0.4980476749911606,Costco Wholesale Corporation,2001,1,HOLD
7718895000,2001,11.95553104687026,-7.071901611172904,,0,1,-0.5977216010521302,-1.1970057602546045,-0.6683428188071616,-0.3044424526745934,2.9713368232041573,0.5964543925819661,2.9713368232041573,0.7992639582547305,50,4.597265569294983,-7.071901611172904,,0,0,-0.5977216010521302,-1.1970057602546045,-1.883048185558645,0,0,,0,105257000,964548000,6754347000,174650000,0.23,12.495933679626422,1.3636278249671747,87.50406632037357,0.02979701110068216,-12.525658818738627,11.063031610800156,-14.814814814814813,-0.10041697584231635,-0.3816345597833435,0,COST,2001-05-13,9575913000,4655250000,2.2626295603191906,,,,0.022610386123194246,0.25430104013755606,-0.9568443364365784,Costco Wholesale Corporation,2001,1,HOLD
11134555000,2001,5.150214997579128,44.25063432006784,,0,0,-0.225524171483646,0.5971344805427927,-0.8148315001508193,-0.1537198925598618,1.4627806264221377,-0.9974729204022356,1.4627806264221377,1.6819019218500226,50,-6.8053160492911315,44.25063432006784,-11.402581618586115,0,0,-0.225524171483646,0.5971344805427927,1.7941402407973972,1,0,,0,190734000,1146745000,9987810000,318422000,0.4,10.298974678377357,1.7129916732190913,89.70102532162264,0.03592420173055861,-4.7197050683877695,-14.785955207721058,-4.761904761904756,-2.409486753371569,-0.17744582865192093,0,COST,2001-08-31,10089786000,4882940000,2.8597640408619833,,,,0.039061303231250025,0.24229042669884202,-0.49238942132748814,Costco Wholesale Corporation,2001,1,HOLD
8466553000,2001,10.858253424845877,-23.96146051638346,,0,1,-0.2300075660336418,-0.3161787116258705,-0.40178070396718324,-0.18764566577959194,1.7332942555685815,-0.6542543345468008,1.7332942555685815,1.3774629336276099,50,5.708038427266749,-23.96146051638346,12.51335447655788,1,0,-0.2300075660336418,-0.3161787116258705,-0.9133131921686632,0,0,,0,129656000,1032156000,7434397000,215354000,0.29,12.190982563978517,1.531390637960927,87.80901743602149,0.034252428349530205,0.10423020205216904,4.433609183911957,0.0,-0.7499762435966417,-0.1645146309058081,0,COST,2001-11-25,11108813000,5002762000,2.543585329236113,,,,0.025916883513547116,0.23828678587738109,0.15334307590350177,Costco Wholesale Corporation,2001,1,HOLD
9382852000,2002,12.960546013879327,10.822574429050412,21.272482874499165,0,1,-0.05767395530873465,0.8583760360289476,-0.19339677633410401,-0.050865796932477246,1.8041764473711543,0.6844502378528844,1.8041764473711543,0.620630100315194,50,2.10229258903345,10.822574429050412,-3.6057458382332994,0,1,-0.05767395530873465,0.8583760360289476,1.1745547476548182,1,0,5.60228053630405,1,192556000,1170822000,8212030000,319201000,0.43,12.478316827335654,2.0522118434778682,87.52168317266434,0.04582828334071559,9.049309932777195,6.509337585864028,10.256410256410241,-0.7558043689742835,-0.07360601376775078,0,COST,2002-02-17,10889348000,5233997000,3.4019613652650604,-0.4388345233170554,-0.45353818236321963,-0.2949511395905047,0.036789474659614824,0.24483371475012278,0.8547042540666969,Costco Wholesale Corporation,2002,1,HOLD
8616747000,2002,11.631872178595515,-8.164948141567185,24.978055315110016,0,0,0.24762169807333256,-0.8917101068725373,0.14958774373879757,-0.17787895451597965,2.1337654368336274,0.3202193756232262,2.1337654368336274,0.8499275646256547,50,-1.328673835283812,-8.164948141567185,-3.430966424317262,0,0,0.24762169807333256,-0.8917101068725373,-1.750086142901485,0,0,-0.32365886827474455,0,130370000,1033496000,7583251000,216302000,0.29,11.994039049771335,1.512983960188224,88.00596095022867,0.033655392226323924,23.858745736625586,7.148218647490845,26.08695652173911,-0.5018946298550873,0.1493561352210493,1,COST,2002-05-12,11147517000,5408138000,2.510251258392523,-0.6023116056974036,-0.3500999029787977,-0.2322784245622942,0.024106263560582215,0.23534546058217196,2.05030111851684,Costco Wholesale Corporation,2002,1,HOLD
12296347000,2002,10.434112544237294,42.702890081372935,16.121706770934008,0,0,0.23609849457232057,0.5856112770417807,0.43863088017580854,0.060592145164541554,0.678764435066956,-0.44088746609755014,0.678764435066956,1.6495441471591823,50,-1.1977596343582206,42.702890081372935,0.13091420092559147,1,0,0.23609849457232057,0.5856112770417807,1.477321383914318,1,0,5.283897546658166,1,247401000,1542904000,10753443000,380678000,0.52,12.547661512805389,2.011987787917826,87.45233848719461,0.042288982248142475,29.709962565667357,34.54638999952038,30.000000000000004,2.2486868344280317,0.29899611469873477,1,COST,2002-08-31,11620263000,5694237000,3.095862535434304,-0.16079991894353718,0.010574323088674564,0.12155028604681384,0.04344761203300811,0.28987738163902116,1.8737973950343638,Costco Wholesale Corporation,2002,1,HOLD
9198585000,2002,8.646163320539069,-25.192538889801984,20.44323907025514,0,0,0.04150792151930238,-0.5107692846788887,-0.09447766212977093,-0.031030651228347,2.0611065745321797,0.11812336597382814,2.0611065745321797,0.9426893458914714,50,-1.7879492236982255,-25.192538889801984,-0.5901895893400049,0,0,0.04150792151930238,-0.5107692846788887,-1.0963805617206694,0,0,-2.2120901043068084,0,145729000,1149688000,8048897000,237792000,0.32,12.498531024065114,1.584254534800733,87.50146897593488,0.03478795923503452,12.39664959585365,11.387038393421145,10.344827586206918,0.307548460086597,0.05286389683980608,1,COST,2002-11-24,12235455000,5835671000,2.585093250755415,-0.44242778351004475,-0.18849964451433943,-0.11165073406600201,0.02497210689224941,0.2784174078350045,1.205057489074564,Costco Wholesale Corporation,2002,1,HOLD
10114167000,2003,7.794165356119875,9.953509153853556,21.764877757376944,0,0,-0.4846672371376526,0.33220087737199266,-0.6691817834894889,0.026040342470270445,3.329305467827424,2.417136736879686,3.329305467827424,0.27398168770106407,50,-0.8519979644191933,9.953509153853556,0.9359512592790322,1,0,-0.4846672371376526,0.33220087737199266,0.8429701620508814,1,0,-5.1663806577594515,0,182065000,1273756000,8840411000,295060000,0.4,12.593780585193027,1.800098811894247,87.40621941480697,0.03954848679085485,-5.448285174183098,8.791601114430714,-6.976744186046502,0.1154637578573734,-0.2521130315836213,0,COST,2003-02-16,12342843000,6049142000,2.917294128127408,-0.6403406111169101,-0.5423411924463872,-0.3257190453513721,0.03009765682471994,0.27872503845679547,-0.970334331620657,Costco Wholesale Corporation,2003,1,HOLD
9543071000,2003,10.750275016778366,-5.64649565307751,23.632605444173027,0,1,0.10511228652923199,-0.3019305832056527,0.03578423875458592,-0.11593722530435692,1.1031733645467552,0.06816881258941344,1.1031733645467552,0.9382066184879101,50,2.9561096606584902,-5.64649565307751,3.8081076250776835,1,0,0.10511228652923199,-0.3019305832056527,-0.6341314605776454,0,0,-0.8815971618171492,0,153780000,1184748000,8358323000,249586000,0.34,12.414745735413684,1.6114309534111189,87.58525426458633,0.03562794408634286,17.956585103934962,14.63498649244892,17.24137931034484,0.42070668564234914,0.09844699322289485,1,COST,2003-05-11,12598831000,6285944000,2.615363544921755,-0.08118794421273812,0.35273398460256455,0.24780312844394414,0.024464105948128076,0.23221248183243048,1.4313815123975757,Costco Wholesale Corporation,2003,1,HOLD
13689729000,2003,11.331674358246403,43.45202922623126,22.94814655816959,0,1,-0.3624994425637289,0.11799954794881984,-0.692179502059922,0.014445673316968312,1.800343321109654,0.9554935554200463,1.800343321109654,0.4692714749367241,50,0.5813993414680372,43.45202922623126,-2.374710319190453,0,1,-0.3624994425637289,0.11799954794881984,0.41993013115447253,1,0,0.8975618140091086,0,239426000,1701977000,11987752000,374190000,0.5,12.432510533992309,1.7489462355317626,87.56748946600769,0.03652373250047536,-3.223511626872977,10.30997391931059,-3.8461538461538547,-0.11515097881308023,-0.2630415523860634,0,COST,2003-08-31,13191688000,6554980000,2.733363092870575,2.1335358556149515,-0.12640094799140833,0.035954562312671356,0.03652581701240888,0.26105405749986443,-0.15040385807343418,Costco Wholesale Corporation,2003,1,HOLD
10521478000,2003,14.381483673847661,-23.143270403672712,24.271093560744262,0,1,-0.16320917705398275,-0.31147901916914256,-0.14334334432705376,-0.0981938208779617,4.390703917590136,3.0042328702981114,4.390703917590136,0.31577420689596336,50,3.0498093156012587,-23.143270403672712,2.4684099741332215,1,0,-0.16320917705398275,-0.31147901916914256,-0.4294785671179624,0,0,5.735320353308593,1,160175000,1301356000,9220122000,254818000,0.35,12.3685664694637,1.5223621624262293,87.6314335305363,0.03326528839389295,9.912920558022087,13.19210081343809,9.375,-0.12996455460141476,-0.061892372374503735,0,COST,2003-11-23,14326290000,6804759000,2.4218840737014324,0.17758390548518221,-0.12170125553468036,-0.009028475534697655,0.023538673448978864,0.23694902248332902,0.4978651151774753,Costco Wholesale Corporation,2003,1,HOLD
11548974000,2004,14.186111421731518,9.765700218163275,23.08596575966455,0,0,0.15809594548432582,0.6535059999103012,0.17919192328441902,-0.01908800709212643,2.5106837983703127,2.030772690394723,2.5106837983703127,0.19114757034999816,50,-0.19537225211614384,9.765700218163275,-3.2451815677174025,0,0,0.15809594548432582,0.6535059999103012,0.9649850190794438,1,0,6.391946065611642,1,226792000,1446997000,10101977000,355176000,0.49,12.52922553986181,1.9637415410234709,87.47077446013819,0.04242801135408219,24.56650097492654,13.600799525183781,22.499999999999986,-0.06455504533121648,0.16364272912922395,1,COST,2004-02-15,14277468000,7111791000,3.0753900736117337,0.05090871252615692,-0.32657129165332677,-0.08847030245439735,0.03188957605756412,0.24695787020793292,1.4362047908593312,Costco Wholesale Corporation,2004,1,HOLD
10897239000,2004,14.190065231621984,-5.643228567316894,26.465811285859964,0,1,0.2307427027250113,-0.22928382596496721,0.30809689578702537,-0.10041149181599655,1.7415105356945102,1.1664820948564871,1.7415105356945102,0.33018947003309584,50,0.003953809890466786,-5.643228567316894,0.19932606200661063,1,0,0.2307427027250113,-0.22928382596496721,-0.8827898258752684,0,0,3.439790214843619,1,198658000,1356927000,9540312000,310147000,0.43,12.452025692012445,1.823012232731612,87.54797430798756,0.039459536493601725,29.18324879698271,14.532963972085211,26.470588235294112,0.03727995659876093,0.2115812793204932,1,COST,2004-05-09,14615282000,7212106000,2.8461062476467665,0.4579866422411101,0.3358549892542433,0.31002827254338805,0.027545074905998328,0.20633919322066102,1.709969739530479,Costco Wholesale Corporation,2004,1,HOLD
15139301000,2004,10.588755993635823,38.92786053421422,23.120313699670312,0,0,0.34146182804222036,0.2287186732660289,0.2395546274020539,0.11210851420301228,1.617876590467975,0.7401943605779598,1.617876590467975,0.5424902214798368,50,-3.601309237986161,38.92786053421422,-3.605263047876628,0,0,0.34146182804222036,0.2287186732660289,0.4580024992309961,1,0,-0.7429183646105795,0,296768000,1909696000,13229605000,465507000,0.61,12.614162305115673,1.9602490233862184,87.38583769488433,0.0402924811389905,23.949779890237476,12.204571507135519,21.999999999999996,0.18165177112336472,0.21130278785445578,1,COST,2004-08-31,15092548000,7624810000,3.0748249209127954,0.0665007923102845,-0.02103761452150854,-0.05173876453160764,0.03892136328642943,0.2573713715899203,2.3047006150261136,Costco Wholesale Corporation,2004,1,HOLD
11578003000,2004,10.041602520102222,-23.523529917266327,25.86721762097106,0,0,0.17480725553729703,-0.4781335916740659,-0.0012126196006212453,0.009163328545987375,0.23056333580115246,-0.8624976055251536,0.23056333580115246,4.740827233125253,50,-0.5471534735336014,-23.523529917266327,3.0541557644525597,1,0,0.17480725553729703,-0.4781335916740659,-0.7068522649400948,0,0,-4.33988115374544,0,193153000,1445516000,10132487000,300645000,0.41,12.485020085069937,1.6682756084965604,87.51497991493005,0.03541197907791179,20.588731075386303,11.077675901136974,17.14285714285715,0.1164536156062379,0.14591344607033108,1,COST,2004-11-21,16410318000,8210002000,2.5966913292387295,-0.013510938995176858,0.01159807848331429,0.08402107369582734,0.02352654725297266,0.22734682927267838,1.7909699473692757,Costco Wholesale Corporation,2004,1,HOLD
12658077000,2005,9.603476464662574,9.328672656243043,25.15194775803089,0,0,0.0048171332175499515,0.48351587759055414,0.3567014077384787,0.0639935819897031,2.356311302594188,1.7068802954310334,2.356311302594188,0.2756134159557618,50,-0.438126055439648,9.328672656243043,0.10902741809395344,1,0,0.0048171332175499515,0.48351587759055414,0.96164946926462,1,0,-4.582634957068944,0,305452000,1602013000,11056064000,389895000,0.64,12.656053522189826,2.4130995569074196,87.34394647781018,0.050560602530700355,34.68376309570003,10.71294550023254,30.612244897959194,0.12682798232801495,0.44935801588394875,1,COST,2005-02-13,16449067000,8614816000,3.0802072068292836,0.06227293699679848,0.16291307870187577,0.6130007450131727,0.0354565901349489,0.256965882447278,1.0178765744438794,Costco Wholesale Corporation,2005,1,HOLD
11996900000,2005,10.09118915350944,-5.223360546787637,25.713200708660764,0,1,-0.21093382810505146,-0.4450347872875686,-0.38746599459819553,-0.05251312972647694,2.352980151390928,1.3111712776707916,2.352980151390928,0.44276143727956535,50,0.4877126888468659,-5.223360546787637,0.9258387442865139,1,0,-0.21093382810505146,-0.4450347872875686,-0.9285506648781228,0,0,-4.098876078112545,0,209788000,1493239000,10503661000,316139000,0.44,12.446873775725397,1.7486850769782194,87.5531262242746,0.03667614133651193,5.602593401725575,10.045639890723667,2.3255813953488413,-0.0051519162870476976,-0.07432715575339266,0,COST,2005-05-08,16782419000,8862878000,2.635172419541715,0.032128040311713235,0.019808874619959838,0.13725412356710054,0.023670414960016373,0.22080413528052575,0.191452866515827,Costco Wholesale Corporation,2005,1,HOLD
16702248000,2005,10.32377254405603,39.22136551942585,22.005687621719904,0,1,-0.27505808713089985,0.1645944142401805,0.10172299680841679,0.0976706700052375,1.4809063459440257,0.4451718217418149,1.4809063459440257,0.6993923194663377,50,0.2325833905465906,39.22136551942585,-0.2551292983002753,0,1,-0.27505808713089985,0.1645944142401805,0.6096292015277491,1,0,-0.2649834495797929,0,354699000,2047499000,14654749000,467624000,0.72,12.258822884200978,2.1236602402263456,87.74117711579902,0.04310796965773708,19.520635648048312,7.215965263581214,18.032786885245898,-0.35533942091469584,0.16341121684012716,1,COST,2005-08-31,16665205000,8881109000,2.7997668337818955,-0.1736876497913311,0.06640374091132051,0.37471400469458294,0.03993859325451359,0.2777856003559987,0.0440510449089748,Costco Wholesale Corporation,2005,1,HOLD
12927353000,2005,11.654427797263489,-22.601119322381034,22.86632163275919,0,1,-0.07881315263134514,-0.28188865717451117,0.027594952877466827,-0.03388662533976675,0.6374352463649927,-0.6255177974033677,0.6374352463649927,1.9813040633859127,50,1.3306552532074587,-22.601119322381034,1.098071862660868,1,0,-0.07881315263134514,-0.28188865717451117,-0.4464830714146917,0,0,1.6128252771612672,0,215818000,1597182000,11330171000,325495000,0.46,12.355058301571868,1.66946783305136,87.64494169842814,0.03558346399297675,11.734221057917814,10.492170269993562,12.195121951219523,-0.12996178349806975,0.0011922245547995036,1,COST,2005-11-20,17382220000,9067032000,2.5178781766073843,-0.013508167891831846,0.0959941029059519,0.14710567062513058,0.023802496781747323,0.2408881420940798,0.7092207801201139,Costco Wholesale Corporation,2005,1,HOLD
14054576000,2006,11.032473573987577,8.719673702729391,21.695451041798176,0,0,-0.011341948994397555,0.5509870812275017,-0.2784800527671538,-0.0026873414104367738,2.721809029618201,1.9417494083449527,2.721809029618201,0.2865960149241883,50,-0.6219542232759121,8.719673702729391,-1.9526094764833708,0,0,-0.011341948994397555,0.5509870812275017,0.8328757384020129,1,0,1.4289971093250031,0,296203000,1750726000,12303850000,431316000,0.63,12.456626226219845,2.1075199991803384,87.54337377378015,0.044825258335790416,-3.0279716616686048,9.282883472231497,-1.5625,-0.199427295969981,-0.30557955772708123,0,COST,2006-02-12,17175566000,9066017000,3.068865257834886,-0.07259931364196603,-0.006524815776847603,0.14377845815686752,0.032671789607277374,0.23723325339264567,0.9629417525860642,Costco Wholesale Corporation,2006,1,HOLD
13273175000,2006,10.638373246421985,-5.559762172832539,21.803100767084203,0,0,0.03718743407281222,-0.39650540422035885,0.18306852582954258,-0.07965444222667535,1.1997835268150852,0.12833888664869797,1.1997835268150852,0.8930316313065382,50,-0.3941003275655923,-5.559762172832539,0.22785389571031978,1,0,0.03718743407281222,-0.39650540422035885,-0.9474924854478606,0,0,0.5471840929125449,0,235595000,1638123000,11635052000,354707000,0.5,12.341606284856486,1.7749709470416837,87.65839371514352,0.037669962160523006,12.301466242111081,9.70266648540521,13.636363636363647,-0.1052674908689113,0.02628587006346428,1,COST,2006-05-07,17284327000,9238621000,2.672359853614527,-0.11041940715595899,-0.17374639403223924,-0.04804128568992838,0.0255011002183118,0.21824997318590625,1.146763390055108,Costco Wholesale Corporation,2006,1,HOLD
19896123000,2006,19.122425915361816,49.89724011022232,31.42035421582543,0,1,-0.21577597284883865,-0.08836899268147036,-0.1047427687597251,0.08171774533742505,1.6896813545594898,0.4058869681860748,1.6896813545594898,0.7597849043603301,50,8.484052668939832,49.89724011022232,8.878152996505424,1,0,-0.21577597284883865,-0.08836899268147036,0.3081364115388885,1,0,8.798653371305786,1,355599000,2419699000,17476424000,514114000,0.75,12.161660842165078,1.787277853077205,87.83833915783492,0.037695786259463716,0.2537362665245846,18.178275056544592,4.166666666666674,-0.09716204203589918,-0.3363823871491405,0,COST,2006-08-31,17495070000,9143439000,2.583990860933057,-0.452501462950595,-0.4908340599797385,-0.17297117030901332,0.038891165566916346,0.24212044699359433,0.5198999392181333,Costco Wholesale Corporation,2006,1,HOLD
14151624000,2006,9.470391966553393,-28.87245419622707,22.228539757676693,0,0,-0.022475528826465307,-0.08858821315213783,0.2600353155825026,-0.0258519221788229,1.7201945239482284,0.0788987107722702,1.7201945239482284,0.9541338437753074,50,-9.652033948808423,-28.87245419622707,-18.136086617748255,0,0,-0.022475528826465307,-0.08858821315213783,-0.00021922047066746941,0,0,-2.184035830710096,0,236886000,1762666000,12388958000,353140000,0.52,12.4555740033794,1.6739138914374774,87.5444259966206,0.036744899383985896,9.761929032796157,10.360998308270442,13.043478260869556,0.10051570180753266,0.004446058386117446,1,COST,2006-11-26,18415174000,8971986000,2.495402647780919,-0.029446081690537085,-0.10128868145781045,0.00563828294091695,0.02640284993757235,0.2162100583960558,0.8968180041309505,Costco Wholesale Corporation,2006,1,HOLD
15112016000,2007,7.523812884856862,6.786443732535563,19.386349127122536,0,0,-0.6778672599502884,-0.10440464989632137,-0.42845973993669473,0.004088144187016209,1.2763650502248696,0.18231667722203962,1.2763650502248696,0.85715945670095,50,-1.9465790816965312,6.786443732535563,7.705454867111892,1,0,-0.6778672599502884,-0.10440464989632137,-0.015816436744183537,0,0,-3.508660689130715,0,249478000,1860264000,13251752000,361328000,0.55,12.309833446444207,1.650858495650084,87.6901665535558,0.03639487941251518,-15.774654544349653,6.256718641295089,-12.698412698412687,-0.14679277977563743,-0.45666150353025436,0,COST,2007-02-18,17925221000,8788400000,2.3909979978845977,-0.3462200757456184,-0.689209208944686,-0.7622410612573356,0.02838719220791043,0.2194748361911751,-2.1567014384242014,Costco Wholesale Corporation,2007,1,HOLD
14659255000,2007,10.442716230291538,-2.9960330904890475,22.192024606356654,0,1,-0.35938419421028067,-0.07802233848035112,0.0908406666511028,-0.09190104894944091,3.695315778664738,2.6832168081933694,3.695315778664738,0.2738870048169685,50,2.9189033454346758,-2.9960330904890475,4.865482427131207,1,0,-0.35938419421028067,-0.07802233848035112,0.02638231141597025,1,0,-0.19565701613044695,0,223986000,1781668000,12877587000,339065000,0.5,12.153878215502765,1.5279494080701919,87.84612178449723,0.03410814533207861,-4.927523928776079,8.762773003004053,0.0,-0.18772806935372088,-0.24702153897149182,0,COST,2007-05-13,19538485000,8481264000,2.3129756594042465,-0.2929955602226322,-0.32219676013746845,-0.22073566890802754,0.02640950688482283,0.21118562983761205,-0.42228829683876484,Costco Wholesale Corporation,2007,1,HOLD
20477260000,2007,2.9208554852621305,39.688272016552006,22.601819826887983,0,0,0.1265915119039338,0.3976067134327441,0.42965038062419225,0.11970804150839968,1.4037570283173388,0.0685458968589396,1.4037570283173388,0.9511696857246695,50,-7.521860745029407,39.688272016552006,-10.440764090464082,0,0,0.1265915119039338,0.3976067134327441,0.47562905191309524,1,0,-16.201570430099686,0,372422000,2545855000,17931405000,555053000,0.83,12.43259596254577,1.8187101203969671,87.56740403745424,0.04053276659084271,4.730890694293288,5.213706332895129,10.666666666666668,0.2709351203806918,0.03143226731976201,1,COST,2007-08-31,19606586000,8623341000,2.7105823728369907,0.1737730783447926,-0.08918446094490484,-0.3049501198293785,0.04318766937315827,0.22378372699736476,2.726262875773442,Costco Wholesale Corporation,2007,1,HOLD
15809530000,2007,11.715305607328187,-22.79470007217762,22.295182934975166,0,1,0.002166856182829413,-0.21301286887324222,0.3497596412182298,0.039967629994798796,1.0339045801526718,-0.6342900763358779,1.0339045801526718,1.6134899569186696,50,8.794450122066056,-22.79470007217762,16.316310867095464,1,0,0.002166856182829413,-0.21301286887324222,-0.6106195823059863,0,0,2.2449136407747936,0,262000000,1986019000,13823511000,394854000,0.6,12.562163454574552,1.657228266747968,87.43783654542545,0.03795179236827407,10.60172403603421,12.671317197926314,15.384615384615374,0.10658945119515195,-0.016685624689509293,0,COST,2007-11-25,21004069000,8762411000,2.4975695039637484,0.20710515300268462,-0.020308672643635894,-0.012239566303391847,0.029900446349754656,0.20425276630210557,1.0082803465204215,Costco Wholesale Corporation,2007,1,HOLD
16959886000,2008,12.227819240000803,7.2763453435997105,20.67163036437385,0,1,0.5826776506427565,0.47610614456360567,0.8258869874553887,0.09694989279396332,1.7767424126887297,0.7345188348330028,1.7767424126887297,0.5865923897648947,50,0.5125136326726167,7.2763453435997105,-8.28193648939344,0,1,0.5826776506427565,0.47610614456360567,0.6891190134368479,1,0,4.7040063551439415,1,327850000,2126697000,14833189000,504332000,0.75,12.539571315514738,1.9330908238416225,87.46042868448527,0.04422199536011032,31.414393253112504,14.322321993007447,36.36363636363635,0.22973786907053118,0.28223232819153843,1,COST,2008-02-17,20668877000,8946391000,2.973675648527354,0.08294508929489375,-0.09518960930753195,-0.17442917533871594,0.03664606208246431,0.20991538238275648,3.2366635585676122,Costco Wholesale Corporation,2008,1,HOLD
16613717000,2008,13.332614788404996,-2.041104521575199,25.16761814712758,0,1,0.48937736009163135,-0.17132262903147621,0.5952693494681567,0.03194193967433844,3.0841457627118642,1.8286542372881356,3.0841457627118642,0.40707917913704095,50,1.1047955484041925,-2.041104521575199,0.5922819157315757,1,0,0.48937736009163135,-0.17132262903147621,-0.6474287735950819,0,0,2.889898558113458,0,295000000,2065695000,14548022000,465575000,0.68,12.433671525763922,1.7756411765049325,87.56632847423607,0.04093003389909675,31.704660112685623,15.941634468374577,36.00000000000001,0.27979331026115695,0.2476917684347406,1,COST,2008-05-11,21203350000,9115573000,2.802353019495878,0.09206524090743606,0.12999316588135068,0.0006702294632487948,0.032362200379504394,0.19373804800673264,2.7985080611685755,Costco Wholesale Corporation,2008,1,HOLD
23099887000,2008,12.807509403113503,39.04105264342712,16.102453729301924,0,0,-0.09553061955352238,-0.1873012662124096,0.009185194420461507,0.18504069415002933,1.0380415657017605,-0.09169540605487798,1.0380415657017605,1.0883350041892474,50,-0.5251053852914929,39.04105264342712,-1.6299009336956853,0,0,-0.09553061955352238,-0.1873012662124096,-0.015978637180933397,0,0,9.886653917851373,1,397828000,2801859000,20298028000,604074000,0.9,12.129319074158241,1.722207558850829,87.87068092584175,0.03896122955060343,6.821831148535806,10.055718020075766,8.433734939759052,-0.3032768883875292,-0.09650256154613812,0,COST,2008-08-31,20682348000,9192061000,2.6150517532834683,-0.03234176800683741,0.03106089235041143,-0.06507029422637611,0.04327952131736289,0.21852536859918004,0.689577414347867,Costco Wholesale Corporation,2008,1,HOLD
16395000000,2008,3.703272646308897,-29.025626835317418,15.852427961624759,0,0,0.07638597026619953,-0.04109627905352031,-0.018628975727922104,0.08084289476952776,-0.1482889733840304,-1.5741444866920151,-0.1482889733840304,-9.615384615384615,50,-9.104236756804607,-29.025626835317418,-8.579131371513114,0,0,0.07638597026619953,-0.04109627905352031,0.1462049871588893,1,0,-8.01203296101929,0,263000000,2119000000,14276000000,422000000,0.61,12.924672156145167,1.604147605977432,87.07532784385484,0.037206465385788354,0.3816793893129722,6.695857391092441,1.6666666666666607,0.362508701570615,-0.05308066077053608,0,COST,2008-11-23,20997000000,8851000000,2.573955474229948,0.46909815276576694,0.07855282644902895,-0.06976628546004537,0.02971415659247542,0.20678815145786905,1.8564515333463272,Costco Wholesale Corporation,2008,1,HOLD
16843000000,2009,-0.6891909532882434,2.732540408661177,11.454355262726024,0,0,-0.6106761828739669,-0.21095600857656072,-1.04427948968487,-0.03923556975952356,3.602510460251046,2.3640167364016738,3.602510460251046,0.3437862950058072,50,-4.392463599597141,2.732540408661177,4.711773157207466,1,0,-0.6106761828739669,-0.21095600857656072,-0.1698597295230404,0,0,-12.917010193289046,0,239000000,2072000000,14771000000,398000000,0.55,12.301846464406578,1.418987116309446,87.69815353559342,0.03265451522887847,-27.10080829647705,-2.5719225634869503,-26.66666666666666,-0.23772485110816,-0.5141037075321764,0,COST,2009-02-15,20737000000,9121000000,2.3629994656533873,-0.00798698203762882,-0.027998532231210405,-0.23187137934063795,0.026203267185615615,0.21204983913160314,30.59200132829329,Costco Wholesale Corporation,2009,1,HOLD
15806000000,2009,-4.861747675128935,-6.156860416790355,7.822669023766893,0,0,-0.5310636357175658,-0.09171008187507512,-1.0193932671281023,-0.20892869405636608,3.2666666666666666,2.1904761904761907,3.2666666666666666,0.3294460641399417,50,-4.172556721840692,-6.156860416790355,0.2199068777564488,1,0,-0.5310636357175658,-0.09171008187507512,0.1192459267014856,1,0,-18.19436246353393,0,210000000,2030000000,13776000000,359000000,0.48,12.843224092116918,1.328609388839681,87.15677590788307,0.030368214602049855,-28.8135593220339,-1.727989853293932,-29.41176470588236,0.4095525663529962,-0.4470317876652514,0,COST,2009-05-10,21304000000,9473000000,2.271289383778312,0.6893458766141531,-0.04168627562593441,-0.1993400192305108,0.022168267708223374,0.22167300177554572,4.708399166892052,Costco Wholesale Corporation,2009,1,HOLD
22378000000,2009,-3.125067235177381,41.57914715930659,9.282198887937154,0,1,0.05721565220406433,0.4009780217092205,-0.5969066409142614,-0.06257270984345127,1.5614973262032086,0.6176470588235294,1.5614973262032086,0.6044520547945206,50,1.736680439951554,41.57914715930659,5.909237161792246,1,0,0.05721565220406433,0.4009780217092205,0.4926881035842956,1,0,-15.932576638290884,0,374000000,2866000000,19512000000,598000000,0.85,12.807221378139245,1.6712842970774868,87.19277862186075,0.03798373402448833,-5.989523110489959,2.2892301147202643,-5.555555555555558,0.6779023039810035,-0.050923261773342166,0,COST,2009-08-31,21979000000,10024000000,2.6722674054875326,0.3746254155934743,-0.03831496734945805,-0.1474258233194803,0.03731045490822028,0.22241993635406498,0.3217549807019428,Costco Wholesale Corporation,2009,1,HOLD
17299000000,2009,5.5138761817627335,-22.696398248279557,9.421342696462197,0,1,-0.0998240215448214,-0.19813595280240603,-0.4001251807555173,-0.14123271270655616,2.8233082706766917,1.6466165413533835,2.8233082706766917,0.4167776298268975,50,8.638943416940116,-22.696398248279557,6.9022629769885615,1,0,-0.0998240215448214,-0.19813595280240603,-0.5991139745116265,0,0,1.8106035354538363,0,266000000,2218000000,15081000000,428000000,0.61,12.821550378634603,1.5376611364818775,87.17844962136539,0.035262153881727265,1.1406844106463865,4.672015101462956,0.0,-0.10312177751056417,-0.06648646949555448,0,COST,2009-11-22,23478000000,10345000000,2.4741314526851266,0.2593869240600508,-0.023438051278621863,-0.11956713026609056,0.025712904784920255,0.2210969401172803,0.257858700666863,Costco Wholesale Corporation,2009,1,HOLD
18742000000,2010,11.274713530843684,8.341522631365983,10.50781827189169,0,1,0.14473716864391273,0.03360518161217341,0.1869214271524564,-0.11798478529633383,2.036789297658863,1.391304347826087,2.036789297658863,0.3169129720853859,50,5.76083734908095,8.341522631365983,-2.8781060678591652,0,1,0.14473716864391273,0.03360518161217341,0.23174113441457944,1,0,11.963904484131927,1,299000000,2346000000,16396000000,470000000,0.68,12.517340732045673,1.5953473482018994,87.48265926795433,0.03628214704940775,25.10460251046025,13.223938223938214,23.636363636363633,0.21549426763909452,0.1763602318924533,1,COST,2010-02-14,23366000000,10651000000,2.5077366342973,-0.02223058346906548,-0.4659390142300541,-0.33774347563972307,0.02807248145714017,0.21978252442779556,1.6045154683369431,Costco Wholesale Corporation,2010,1,HOLD
17780000000,2010,12.488928255093,-5.132856685519149,7.020000400873561,0,1,0.4902404249955912,0.2537931744766033,0.5972250960159928,-0.11965511216859823,2.6437908496732025,2.19281045751634,2.6437908496732025,0.17058096415327564,50,1.2142147242493166,-5.132856685519149,-4.546622624831634,0,1,0.4902404249955912,0.2537931744766033,0.22018799286442992,1,0,17.350675930221936,1,306000000,2286000000,15494000000,491000000,0.69,12.857142857142856,1.7210348706411698,87.14285714285714,0.03880764904386951,45.71428571428571,12.610837438423639,43.75,0.013918765025938029,0.39242548180148873,1,COST,2010-05-09,23899000000,10874000000,2.7615298087739033,0.4234713313789342,-0.04082321072197459,-0.054606305863762694,0.028140518668383296,0.2193217259346051,2.944111894743081,Costco Wholesale Corporation,2010,1,HOLD
24125000000,2010,7.806774510680126,35.68616422947131,4.4377403231453005,0,0,0.17954606601505807,0.09028366272868737,0.25824253207944103,0.10363382618221871,1.4143518518518519,0.46296296296296297,1.4143518518518519,0.6726677577741408,50,-4.682153744412875,35.68616422947131,-5.8963684686621916,0,0,0.17954606601505807,0.09028366272868737,-0.16350951174791595,0,0,10.931841745857508,1,432000000,3101000000,21024000000,688000000,0.99,12.853886010362695,1.7906735751295337,87.14611398963731,0.041036269430051814,15.508021390374328,8.199581297976266,16.470588235294127,0.0466646322234503,0.11938927805204691,1,COST,2010-08-31,23815000000,10829000000,2.8518134715025907,0.7245669362044538,0.2367617182191224,0.06846601627870474,0.03989288022901469,0.24433862878559737,1.927834242361009,Costco Wholesale Corporation,2010,1,HOLD
19239000000,2010,11.214521070582117,-20.252849740932643,17.346752058554426,0,1,0.2547006071932456,-0.1229814116242185,0.21467255392158302,0.0893659196741774,2.3076923076923075,1.3269230769230769,2.3076923076923075,0.425,50,3.407746559901992,-20.252849740932643,8.089900304314867,1,0,0.2547006071932456,-0.1229814116242185,-0.21326507435290587,0,0,5.700644888819384,1,312000000,2482000000,16757000000,525000000,0.72,12.900878424034513,1.6217059098705755,87.09912157596548,0.03742398253547481,17.29323308270676,11.902614968440028,18.032786885245898,0.0793280453999099,0.08404477338869798,1,COST,2010-11-21,26043000000,11199000000,2.728832059878372,-0.023793732110654275,0.15487658564842421,0.0175583038931435,0.027859630324136082,0.23491911293466888,2.02091121495327,Costco Wholesale Corporation,2010,1,HOLD
20875000000,2011,11.38085583182158,8.503560476116224,23.93872825506145,0,1,0.3473531860619814,0.1262577604809092,0.1971548586889864,0.060100210683038544,2.086206896551724,1.4137931034482758,2.086206896551724,0.32231404958677684,50,0.16633476123946167,8.503560476116224,-3.24141179866253,0,1,0.3473531860619814,0.1262577604809092,0.2492391721051277,1,0,0.10614230097789523,0,348000000,2640000000,18235000000,596000000,0.8,12.646706586826348,1.6670658682634731,87.35329341317365,0.03832335329341317,16.387959866220726,12.53196930946292,17.647058823529417,0.12936585478067464,0.07171852006157375,1,COST,2011-02-13,25716000000,11583000000,2.8550898203592814,0.34486012241976916,0.49209035470589413,0.24807875195402707,0.030044030044030046,0.21216738716725986,2.3555794954663796,Costco Wholesale Corporation,2011,1,HOLD
20623000000,2011,15.989876265466819,-1.2071856287425131,30.475768695432116,0,1,-0.06551080087010686,-0.15907081245548493,-0.10570111869823151,-0.046213330393531864,2.503086419753086,1.6450617283950617,2.503086419753086,0.34278668310727495,50,4.60902043364524,-1.2071856287425131,4.442685672405778,1,0,-0.06551080087010686,-0.15907081245548493,-0.28532857293639413,0,0,3.5009480103738184,1,324000000,2556000000,18067000000,556000000,0.74,12.393929108277165,1.5710614362604858,87.60607089172284,0.03588226737138146,5.882352941176472,11.811023622047244,7.246376811594213,-0.4632137488656909,-0.149973434380684,0,COST,2011-05-08,26974000000,11963000000,2.6960190079037964,-0.44929498383975286,0.4247296241254843,0.24245204742080473,0.02708350748140098,0.15497957060633646,0.8279169260548471,Costco Wholesale Corporation,2011,1,HOLD
28178000000,2011,16.799999999999994,36.6338554041604,25.918312628474393,0,1,-0.14757612321669367,0.008218340382100564,-0.006618467827313346,0.10420113060013657,1.9686192468619246,0.9811715481171548,1.9686192468619246,0.5015940488841658,50,0.8101237345331747,36.6338554041604,-3.798896699112065,0,1,-0.14757612321669367,0.008218340382100564,0.1672891528375855,1,0,8.993225489319869,1,478000000,3498000000,24680000000,762000000,1.09,12.413939953154944,1.6963588615231742,87.58606004684506,0.03868266023138619,10.64814814814814,12.802321831667207,10.1010101010101,-0.4399460572077505,-0.09431471360635957,0,COST,2011-08-31,26761000000,12002000000,2.704237348285897,-0.3932814249843002,0.031969942798364404,0.025074564445687342,0.03982669555074155,0.20941721956070064,0.6402270210409746,Costco Wholesale Corporation,2011,1,HOLD
21628000000,2011,12.417485316284637,-23.245084817943074,25.024567894097927,0,0,-0.2181976970154169,-0.19360298542294174,-0.09891961986847475,0.016396231627407526,2.075,1.003125,2.075,0.516566265060241,50,-4.382514683715357,-23.245084817943074,-5.1926384182485315,0,0,-0.2181976970154169,-0.19360298542294174,-0.2018213258050423,0,0,1.2029642457025194,0,320000000,2697000000,18931000000,543000000,0.74,12.469946365822082,1.479563528759016,87.53005363417792,0.03421490660255225,2.564102564102555,8.662369057211915,2.77777777777779,-0.43093205821243075,-0.1421423811115594,0,COST,2011-11-20,28004000000,11909000000,2.5106343628629553,-0.35160401281252085,0.036502910177828696,-0.05809760772286143,0.02687043412545134,0.18770505251408665,0.27610835376427634,Costco Wholesale Corporation,2011,1,HOLD
22967000000,2012,10.021556886227545,6.191048640651009,22.542951659374676,0,0,-0.05106665668966848,0.29338880080665763,0.21665651162054012,-0.004382168997219343,1.4720812182741116,0.7385786802030457,1.4720812182741116,0.4982758620689655,50,-2.3959284300570918,6.191048640651009,1.986586253658265,1,0,-0.05106665668966848,0.29338880080665763,0.4869917862295994,1,0,-1.359298945594034,0,394000000,2828000000,20139000000,644000000,0.91,12.31331911002743,1.7155048547916576,87.68668088997256,0.03962206644315758,13.218390804597702,7.121212121212128,13.749999999999996,-0.3333874767989169,0.04843898652818446,1,COST,2012-02-12,27511000000,12232000000,2.804023163669613,-0.20402162201824225,0.2962865293723129,0.12015750658975821,0.032210595160235445,0.17480497530124514,0.8036367369461173,Costco Wholesale Corporation,2012,1,HOLD
22324000000,2012,8.248072540367545,-2.799669090434098,25.55680539932508,0,0,0.09469950132394045,-0.013304654441876007,0.3587926765718601,-0.047110592118052685,2.805699481865285,2.11139896373057,2.805699481865285,0.247460757156048,50,-1.77348434586,-2.799669090434098,0.6224440841970917,1,0,0.09469950132394045,-0.013304654441876007,-0.30669345524853364,0,0,-7.741803725099274,0,386000000,2781000000,19543000000,623000000,0.89,12.45744490234725,1.7290808098907005,87.54255509765275,0.03986740727468195,19.135802469135797,8.80281690140845,20.270270270270263,0.06351579407008501,0.15801937363021468,1,COST,2012-05-06,27836000000,12585000000,2.790718509227737,-0.3996979547956059,0.029188700453833594,0.008045939249530676,0.03067143424711959,0.15859201030362854,1.4609909955633376,Costco Wholesale Corporation,2012,1,HOLD
32218000000,2012,14.337426360990847,44.32001433434869,33.54611398963732,0,1,0.24132103522642545,0.15483987428458557,0.9441163036751372,0.18502335770257008,1.1986863711001643,0.24630541871921183,1.1986863711001643,0.7945205479452054,50,6.089353820623302,44.32001433434869,7.862838166483302,1,0,0.24132103522642545,0.15483987428458557,0.16814452872646157,1,0,-2.462573639009147,0,609000000,4008000000,28210000000,949000000,1.3,12.440250791483022,1.890247687628034,87.55974920851698,0.04035011484263455,27.40585774058577,14.57975986277873,19.266055045871553,0.02631083832807768,0.1938888261048599,1,COST,2012-08-31,27140000000,12361000000,2.9455583835123225,-0.4136352188796728,0.09374491200973178,0.09957411249850034,0.04926785858749293,0.25678004509784136,1.7116518541617933,Costco Wholesale Corporation,2012,1,HOLD
23715000000,2012,9.649528389125205,-26.392078962070897,23.265242476220173,0,0,0.18386279083723434,-0.25106122981213286,0.5975993036017275,0.12906299104339053,2.6490384615384617,1.4759615384615385,2.6490384615384617,0.44283121597096187,50,-4.687897971865642,-26.392078962070897,-10.777251792488943,0,0,0.18386279083723434,-0.25106122981213286,-0.4059011040967184,0,0,-2.7679569271594318,0,416000000,2989000000,20726000000,639000000,0.96,12.603837233818258,1.7541640312038795,87.39616276618175,0.04048070841239722,30.000000000000004,10.826844642195033,29.729729729729737,0.13389086799617544,0.27460050244486345,1,COST,2012-11-25,29323000000,12665000000,2.6944971537001896,-0.2970411902162553,-0.03433490617818258,0.13245812133330404,0.032846427161468614,0.23435450535565186,1.8321680913415597,Costco Wholesale Corporation,2012,1,HOLD
24871000000,2013,8.290155440414516,4.874551971326158,19.142514970059878,0,0,0.16328816277484037,0.27281417274426367,2.1883550409384807,0.26169790136211807,0.773308957952468,-0.05850091407678245,0.773308957952468,1.0756501182033098,50,-1.3593729487106891,4.874551971326158,3.3285250231549526,1,0,0.16328816277484037,0.27281417274426367,0.5238754025563965,1,0,-1.7314014458130291,0,547000000,3105000000,21766000000,738000000,1.26,12.484419605162639,2.199348638977122,87.51558039483736,0.05066141289051506,38.832487309644684,9.794908062234796,38.46153846153846,0.17110049513520842,0.48384378418546437,1,COST,2013-02-17,29089000000,10112000000,2.9673113264444533,-0.16228698166370847,0.1122215060851719,0.5322827707136488,0.05409414556962025,0.23781335492418934,1.760675465838509,Costco Wholesale Corporation,2013,1,HOLD
24083000000,2013,7.879412291703991,-3.168348679184596,16.777384473645938,0,0,0.20724686053516628,0.030654043318449897,1.3159734584049243,0.21982594110465287,6.261437908496732,3.2570806100217866,6.261437908496732,0.47981906750173975,50,-0.41074314871052486,-3.168348679184596,0.9486298000001643,1,0,0.20724686053516628,0.030654043318449897,-0.24216012942581377,0,0,-0.36866024866355396,0,459000000,3045000000,21038000000,722000000,1.05,12.643773616243822,1.9059087323007933,87.35622638375618,0.043599219366358015,18.911917098445596,9.492988133764824,17.97752808988764,0.18632871389657168,0.17682792241009282,1,COST,2013-05-12,30006000000,10472000000,2.997965369762903,0.2498445079666567,0.3019463618591067,0.3348472960403075,0.04383116883116883,0.20664421699401717,2.016755835843547,Costco Wholesale Corporation,2013,1,HOLD
32487000000,2013,0.834936991743751,34.895984719511695,15.292071829086517,0,0,-0.008999144432074946,-0.06140613068265566,0.76877400463112,0.3839830029221597,0.9124797406807131,-0.22852512155591573,0.9124797406807131,1.2504440497335703,50,-7.04447529996024,34.895984719511695,-6.633732151249715,0,0,-0.008999144432074946,-0.06140613068265566,-0.09206017400110555,0,0,-13.502489369247096,0,617000000,4069000000,28418000000,954000000,1.41,12.525010004001599,1.8992212269523194,87.4749899959984,0.04340197617508541,1.3136288998357948,1.5219560878243499,8.461538461538453,0.08475921251857699,0.008973539324285351,1,COST,2013-08-31,30283000000,10833000000,2.9365592390802475,0.11107005084665467,0.2323218907943505,0.20286236542914526,0.05695559863380412,0.23549769864178496,0.631030119750381,Costco Wholesale Corporation,2013,1,HOLD
25017000000,2013,5.490196078431375,-22.993812909779297,15.669502496763466,0,1,-0.024312879006981092,-0.266374964387039,0.5028985012134455,0.20953832162639952,2.2094117647058824,0.8588235294117647,2.2094117647058824,0.6112886048988285,50,4.655259086687624,-22.993812909779297,11.699734386647865,1,0,-0.024312879006981092,-0.266374964387039,-0.20496883370438335,0,0,-4.15933231069383,0,425000000,3193000000,21824000000,668000000,0.97,12.763320941759604,1.6988447855458289,87.2366790582404,0.03877363392892833,2.163461538461542,6.825025092004022,1.041666666666674,0.15948370794134625,-0.055319245658050686,0,COST,2013-11-24,32319000000,11221000000,2.6701842746932085,0.2933745759375217,0.15954991183025324,0.21928125678681276,0.03787541217360307,0.19802306467282008,0.8266264252179739,Costco Wholesale Corporation,2013,1,HOLD
26306000000,2014,5.769772023641995,5.152496302514287,14.538250533373965,0,1,-0.21508749918071102,0.08203955257053375,-1.3885721774570312,0.08554908624359327,1.5399568034557236,0.5745140388768899,1.5399568034557236,0.6269284712482468,50,0.27957594521061946,5.152496302514287,-4.375683141477005,0,1,-0.21508749918071102,0.08203955257053375,0.34841451695757275,1,0,-2.520383416772521,0,463000000,3263000000,23043000000,724000000,1.05,12.404014293317115,1.7600547403634152,87.59598570668288,0.03991484832357637,-15.356489945155394,5.088566827697272,-16.666666666666664,-0.08040531184552435,-0.4392938986137067,0,COST,2014-02-16,31566000000,11515000000,2.7522238272637423,0.09069518328968407,-0.051799336405870644,0.04454988557175765,0.04020842379504993,0.18202803681850888,-0.32878577566263445,Costco Wholesale Corporation,2014,1,HOLD
25794000000,2014,7.104596603413205,-1.9463240325401032,15.543809353162509,0,1,-0.14071174488890126,0.10502979761025966,-0.3810862544680971,-0.07554125395779157,6.642706131078224,3.627906976744186,6.642706131078224,0.45385105028644174,50,1.33482457977121,-1.9463240325401032,1.0552486345605905,1,0,-0.14071174488890126,0.10502979761025966,0.02299024503972591,1,0,-0.7748156882907864,0,473000000,3240000000,22554000000,737000000,1.08,12.56106071179344,1.83375978909824,87.43893928820657,0.041870202372644806,3.05010893246187,6.403940886699511,2.857142857142869,-0.08271290445038204,-0.07214894320255327,0,COST,2014-05-11,32701000000,11819000000,2.857253624874002,0.10361580944618964,0.06653511564626502,0.10467897920753955,0.04002030628648787,0.1586199677198182,0.29242509361779817,Costco Wholesale Corporation,2014,1,HOLD
35523000000,2014,9.345276572167327,37.71807397069087,10.258240734992864,0,1,0.13469037384658877,0.21399598805283437,-0.030274973516150716,0.07896111211428385,-1.1621233859397417,-1.975609756097561,-1.1621233859397417,-0.7,50,2.2406799687541223,37.71807397069087,0.9058553889829124,1,0,0.13469037384658877,0.21399598805283437,0.10896619044257472,1,0,8.510339580423576,1,697000000,4486000000,31037000000,1091000000,1.59,12.628437913464516,1.9621090561044958,87.37156208653548,0.044759733130647746,12.965964343598046,10.248218235438689,12.765957446808528,0.10342790946291736,0.06288782915217639,1,COST,2014-08-31,33024000000,12303000000,3.0712496129268363,0.18818712198149434,0.12569122941451383,0.07186136847646174,0.056652848898642603,0.1952521004255425,1.5366679510444894,Costco Wholesale Corporation,2014,1,HOLD
26866000000,2014,7.390974137586448,-24.37012639698224,13.286949188277465,0,0,0.19589180659913152,-0.20517353163449625,0.22572846465280083,-0.09773167420185348,2.274193548387097,1.155241935483871,2.274193548387097,0.4920212765957447,50,-1.954302434580879,-24.37012639698224,-4.194982403335001,0,0,0.19589180659913152,-0.20517353163449625,-0.4191695196873306,0,0,1.9007780591550727,0,496000000,3481000000,23385000000,770000000,1.13,12.956897193478747,1.8461996575597408,87.04310280652126,0.04206059703714732,16.70588235294117,9.019730660820535,16.494845360824726,0.1935762517191435,0.14735487201391195,1,COST,2014-11-23,34613000000,12359000000,2.86607608129234,0.35305995966048975,0.17157892759215043,0.09203562635586127,0.04013269682013107,0.1776290368637335,2.0659605613003276,Costco Wholesale Corporation,2014,1,HOLD
27454000000,2015,4.364023416711027,2.188639916623236,10.385589642555582,0,0,0.44221049924605627,0.3283582452174585,1.8384560723860508,0.08971713501474186,1.5050167224080269,0.4816053511705686,1.5050167224080269,0.68,50,-3.026950720875421,2.188639916623236,-1.072648286294542,0,0,0.44221049924605627,0.3283582452174585,0.5335317768519547,1,0,-1.4057486069309677,0,598000000,3557000000,23897000000,877000000,1.36,12.956217673198806,2.178188970641801,87.0437823268012,0.049537408027974066,29.157667386609077,9.010113392583508,29.52380952380953,0.552203379881691,0.4181342302783859,1,COST,2015-02-15,33600000000,10206000000,3.1944343265097985,0.47179806803616664,0.22712300006534525,-0.02115966833532079,0.05859298451891045,0.18236556198239118,4.842457216008612,Costco Wholesale Corporation,2015,1,HOLD
26101000000,2015,1.19019927114834,-4.928243607488891,8.379354731553379,0,0,0.2882197286373578,-0.04896097299843882,0.8718713265793241,0.07437758314675495,6.312015503875969,3.2344961240310077,6.312015503875969,0.48756524408965307,50,-3.173824145562687,-4.928243607488891,-0.14687342468726605,0,0,0.2882197286373578,-0.04896097299843882,-0.3773192182158973,0,0,-5.914397332264865,0,516000000,3414000000,22687000000,821000000,1.17,13.07995862227501,1.9769357495881383,86.92004137772498,0.04482586874066127,9.090909090909083,5.370370370370381,8.333333333333325,0.5188979104815701,0.14317596048989834,1,COST,2015-05-10,33491000000,10587000000,3.1454733535113597,0.43618500603118804,0.14750798374845653,0.07102701728734506,0.04873901955228109,0.17276769842469178,9.576175975320224,Costco Wholesale Corporation,2015,1,HOLD
35778000000,2015,0.7178447766235996,37.07520784644267,10.13020592852525,0,0,0.15978621914874092,0.0855624785642175,1.5589780846106374,0.3838349814320638,1.3402868318122556,0.2907431551499348,1.3402868318122556,0.7830739299610895,50,-0.47235449452474043,37.07520784644267,2.7014696510379466,1,0,0.15978621914874092,0.0855624785642175,0.13452345156265633,1,0,-8.627431795543728,0,767000000,4682000000,31096000000,1156000000,1.75,13.086254122645203,2.1437755044999722,86.9137458773548,0.0489127396724244,10.04304160688665,4.369148461881411,10.062893081761004,0.45781620918068633,0.1816664483954764,1,COST,2015-08-31,33017000000,10617000000,3.231035832075577,0.5612441186436037,0.2944765929953297,0.2445542775476528,0.07224262974474899,0.21991537944429296,8.299617188763653,Costco Wholesale Corporation,2015,1,HOLD
27220000000,2015,1.317650562048689,-23.91972720666331,8.806011911899914,0,1,-0.04829503794186252,-0.4132547887250997,0.41150907904883915,0.2191737662618897,1.6895833333333334,0.2,1.6895833333333334,0.8816276202219482,50,0.5998057854250893,-23.91972720666331,1.0721602799498298,1,0,-0.04829503794186252,-0.4132547887250997,-0.4988172672893172,0,0,-6.073323575537759,0,480000000,3599000000,23621000000,767000000,1.1,13.22189566495224,1.763409257898604,86.77810433504776,0.04041146216017635,-3.2258064516129004,3.3898305084745672,-2.65486725663715,0.2649984714734934,-0.08279039966113677,0,COST,2015-11-22,35451000000,10848000000,2.8177810433504775,0.4585747231926369,0.147596768657269,0.06456447235277518,0.04424778761061947,0.2047719171126884,-0.2956856702619367,Costco Wholesale Corporation,2015,1,HOLD
28170000000,2016,2.607998834413938,3.490080822924324,7.085835930966322,0,1,-0.15574068078739867,0.22091260237192234,-0.8956620882546806,0.10924158192409436,1.4487179487179487,0.3058608058608059,1.4487179487179487,0.7888748419721872,50,1.2903482723652493,3.490080822924324,0.69054248694016,1,0,-0.15574068078739867,0.22091260237192234,0.634167391097022,1,0,-1.7560245822970888,0,546000000,3701000000,24469000000,856000000,1.24,13.13809016684416,1.9382321618743341,86.86190983315583,0.04401845935392261,-8.695652173913048,4.048355355636768,-8.823529411764708,0.18187249364535418,-0.23995680876746706,0,COST,2016-02-14,32388000000,11000000000,3.0386936457224,0.7340758735270452,0.2864698184586576,0.17817742151091887,0.04963636363636364,0.1895471326285104,-0.9181471879120656,Costco Wholesale Corporation,2016,1,HOLD
26769000000,2016,2.559288916133484,-4.973375931842384,3.7799488253082103,0,0,0.059726691316613234,0.16650639910557308,-0.13683111646235613,-0.04403408336683034,3.4110091743119266,2.565137614678899,3.4110091743119266,0.2479827864443249,50,-0.04870991828045401,-4.973375931842384,-1.3390581906457033,0,0,0.059726691316613234,0.16650639910557308,-0.05440620326634926,0,0,1.3690896449851442,0,545000000,3607000000,23162000000,858000000,1.24,13.474541447196383,2.0359370914117076,86.52545855280361,0.04632223841010124,5.6201550387597,5.653192735793788,5.982905982905984,0.39458282492137364,0.05900134182356931,1,COST,2016-05-08,33873000000,11505000000,3.205200044827973,0.9134807354029437,0.347946419953971,0.20217730231346764,0.04737070838765754,0.1752910797754774,1.7609184797275106,Costco Wholesale Corporation,2016,1,HOLD
36560000000,2016,2.185700709933469,36.575890022040426,2.919235424935951,0,0,0.02662281125046162,0.05245859849806589,-0.7750536028381738,0.10607331873274636,-0.21694480102695765,-1.306803594351733,-0.21694480102695765,-5.023668639053255,50,-0.3735882062000151,36.575890022040426,-0.3248782879195611,0,0,0.02662281125046162,0.05245859849806589,-0.11404780060750719,0,0,1.4678559333098695,0,779000000,4911000000,31649000000,1191000000,1.78,13.432713347921224,2.1307439824945296,86.56728665207878,0.048687089715536105,1.5645371577575062,4.891072191371215,1.7142857142857126,0.34645922527602124,-0.013031522005442664,0,COST,2016-08-31,33163000000,12079000000,3.257658643326039,0.8042754344567076,0.18640903039920254,0.16863492639003375,0.06449209371636724,0.19971701853383442,1.3852224355967846,Costco Wholesale Corporation,2016,1,HOLD
28099000000,2016,3.2292432035268215,-23.142778993435453,4.5894439067966974,0,1,0.2036787950779364,-0.2361988048976249,0.12712969964130227,-0.09759418643838652,5.124770642201835,3.9009174311926604,5.124770642201835,0.23881131399928393,50,1.0435424935933524,-23.142778993435453,1.4171306997933675,1,0,0.2036787950779364,-0.2361988048976249,-0.2886574033956908,0,0,1.9115926414781326,0,545000000,3811000000,24288000000,849000000,1.24,13.562760240577957,1.9395708032314316,86.43723975942204,0.044129684330403214,13.541666666666675,5.890525145873848,12.72727272727272,0.3408645756257158,0.17616154533282757,1,COST,2016-11-20,36532000000,11973000000,3.021459838428414,0.6058630470992092,0.15538375713607389,0.0933711456716908,0.04551908460703248,0.19023133027498534,3.310684032613805,Costco Wholesale Corporation,2016,1,HOLD
29766000000,2017,5.6656017039403705,5.932595466030821,8.421359364755588,0,1,-0.20324380362067318,-0.18600999632668724,-0.8237649809997079,-0.15063405083505554,0.9572815533980582,-0.04466019417475728,0.9572815533980582,1.0466531440162272,50,2.436358500413549,5.932595466030821,1.3928160068201967,1,0,-0.20324380362067318,-0.18600999632668724,0.05018880857093766,1,0,3.0576028695264323,1,515000000,3839000000,25927000000,844000000,1.17,12.897265336289726,1.7301619297184707,87.10273466371027,0.03930659141302157,-5.67765567765568,3.7287219670359306,-5.645161290322587,-0.24082483055443404,-0.2080702321558634,0,COST,2017-02-12,35630000000,12440000000,2.8354498421017267,-0.05895233690907986,-0.35898448440807185,-0.44802704092333046,0.04139871382636656,0.19978171680205697,-0.24743517672686258,Costco Wholesale Corporation,2017,1,HOLD
28860000000,2017,7.811274235122712,-3.0437411812134663,10.570476226964477,0,1,0.14892330929538122,0.5186735120216275,2.335064946241318,-0.023958004694399997,2.2942857142857145,1.522857142857143,2.2942857142857145,0.33623910336239105,50,2.145672531182341,-3.0437411812134663,-0.29068596923120804,0,1,0.14892330929538122,0.5186735120216275,0.7046835083483147,1,0,5.251985318989227,1,700000000,3890000000,24970000000,968000000,1.59,13.47886347886348,2.4255024255024256,86.52113652113653,0.0550935550935551,28.440366972477072,7.845855281397274,28.2258064516129,0.0043220316670957715,0.3895653340907179,1,COST,2017-05-07,35631000000,9898000000,3.354123354123354,0.3989048565884694,0.20865000061199446,0.4485666759142872,0.07072135785007072,0.19584373772616012,1.641283154912998,Costco Wholesale Corporation,2017,1,HOLD
42300000000,2017,15.700218818380751,46.56964656964657,18.229079322488673,0,1,0.1702373377614319,0.07377262696411657,2.077418945305194,0.4234112466511022,1.9956474428726878,1.147986942328618,1.9956474428726878,0.4247546346782988,50,7.88894458325804,46.56964656964657,5.743272052075699,1,0,0.1702373377614319,0.07377262696411657,-0.4449008850575109,0,0,13.514518108447282,1,919000000,5603000000,36697000000,1450000000,2.1,13.245862884160756,2.1725768321513,86.75413711583924,0.04964539007092199,17.97175866495506,14.090816534310724,17.97752808988764,-0.186850463760468,0.04183284965677059,1,COST,2017-08-31,36347000000,10778000000,3.4278959810874707,0.15960876151555325,0.19686014901189353,0.028801327651327924,0.0852662831694192,0.24632263260521559,1.3851037250926663,Costco Wholesale Corporation,2017,1,HOLD
31809000000,2017,13.203316844015811,-24.801418439716315,16.858927259368105,0,0,-0.03173994783141332,-0.4381760904904701,1.2253076432866408,0.3107093778023804,3.134375,1.853125,3.134375,0.4087736789631107,50,-2.49690197436494,-24.801418439716315,-10.38584655762298,0,0,-0.03173994783141332,-0.4381760904904701,-0.5119487174545867,0,0,9.974073640488989,1,640000000,4192000000,27617000000,951000000,1.46,13.178660127636832,2.0120091797918827,86.82133987236317,0.04589895941400232,17.431192660550465,9.997376016793492,17.741935483870975,-0.384100112941125,0.07243837656045105,1,COST,2017-11-26,39378000000,11078000000,2.9897198905970006,-0.04323553731540919,0.17193884724652309,0.24859992189327862,0.05777216103989889,0.22010789098642525,0.909933043155257,Costco Wholesale Corporation,2017,1,HOLD
32995000000,2018,10.847947322448427,3.7285045113018223,17.128150514731978,0,0,0.24380459038804458,0.08953454189277066,1.8240557910914363,0.23910061878081718,0.15549215406562053,-0.5691868758915835,0.15549215406562053,4.660550458715596,50,-2.3553695215673844,3.7285045113018223,0.14153245279755566,1,0,0.24380459038804458,0.08953454189277066,0.5277106323832408,1,0,5.182345618508056,1,701000000,4262000000,28733000000,1016000000,1.6,12.917108652826187,2.124564327928474,87.08289134717381,0.0484921957872405,36.11650485436893,11.018494399583222,36.75213675213678,0.019843316536460875,0.39440239821000334,1,COST,2018-02-18,38703000000,11754000000,3.0792544324897713,-0.22098151401797317,0.040560786767371404,0.18633216605413994,0.05963927173728092,0.20548203864845999,1.8786177987110304,Costco Wholesale Corporation,2018,1,HOLD
32361000000,2018,12.130977130977127,-1.9215032580694014,20.889835257200495,0,1,-0.056944651363859844,0.21792427026972305,-0.8957378602767747,0.137106430152069,2.8066666666666666,2.026666666666667,2.8066666666666666,0.27790973871733965,50,1.2830298085287009,-1.9215032580694014,3.6383993300960853,1,0,-0.056944651363859844,0.21792427026972305,0.1283897283769524,1,0,4.319702895854416,1,750000000,4230000000,28131000000,1067000000,1.71,13.071289515157133,2.3176045239640306,86.92871048484287,0.05284138314637991,7.14285714285714,8.740359897172233,7.547169811320753,-0.407573963706346,-0.10789790153839496,0,COST,2018-05-13,39605000000,12143000000,3.2971787027594943,-0.40325193203925025,0.09197865793152138,0.28166743255232296,0.06176397924730297,0.18736401490289462,0.8430708109371352,Costco Wholesale Corporation,2018,1,HOLD
44411000000,2018,4.990543735224584,37.23617935168877,21.474288840262588,0,0,-0.17194587863537558,-0.041228600307399166,-0.3775541705242311,0.3486756483771467,1.4899328859060403,0.47746883988494726,1.4899328859060403,0.6795366795366795,50,-7.140433395752543,37.23617935168877,-8.423463204281244,0,0,-0.17194587863537558,-0.041228600307399166,-0.2591528705771222,0,0,-10.709675083156167,0,1043000000,5740000000,38671000000,1446000000,2.38,12.924725856206795,2.348517259237576,87.07527414379321,0.053590326720857444,13.492927094668117,2.445118686417991,13.33333333333333,-0.32113702795396115,0.17594042708627589,1,COST,2018-08-31,40830000000,12799000000,3.255950102452095,-0.5079874917144291,-0.0017085408739436758,0.21777327674304647,0.08149074146417688,0.24634597934688685,-0.055276956500432566,Costco Wholesale Corporation,2018,1,HOLD
35069000000,2018,10.248671759564898,-21.035329085136567,24.805153208299235,0,1,-0.2836261896075225,-0.549856401462617,0.04795287907383017,0.12283089170411765,2.8383311603650587,1.8865710560625815,2.8383311603650587,0.3353238401469913,50,5.258128024340314,-21.035329085136567,12.398561420092857,1,0,-0.2836261896075225,-0.549856401462617,-0.5086278011552179,0,0,-2.954645084450913,0,767000000,4446000000,30623000000,949000000,1.75,12.677863640252074,2.187116826827112,87.32213635974793,0.049901622515612074,19.843750000000004,6.059160305343503,19.863013698630148,-0.5007964873847577,0.17510764703522952,1,COST,2018-11-25,43814000000,13167000000,2.706093700989478,-0.8848966003258827,-0.3153661374389358,0.24754602359568056,0.0582516898306372,0.21653067607307933,-0.02052021443362803,Costco Wholesale Corporation,2018,1,HOLD
35396000000,2019,7.276860130322782,0.9324474607202982,18.914197406436873,0,0,0.3194346849246257,0.6925954164249188,0.4511399355228818,-0.12831824430235708,-0.24634420697412823,-0.906636670416198,-0.24634420697412823,-2.680365296803653,50,-2.971811629242116,0.9324474607202982,-8.22993965358243,0,0,0.3194346849246257,0.6925954164249188,1.242451817887536,1,0,-3.5710871921256446,0,889000000,4676000000,30720000000,1203000000,2.02,13.210532263532604,2.511583229743474,86.7894677364674,0.05706859532150525,26.818830242510707,9.713749413420935,26.249999999999996,0.29342361070641765,0.38701890181499987,1,COST,2019-02-17,42799000000,13858000000,3.398689117414397,0.3132669272428785,0.5632392753126703,0.7814213000250032,0.06415067109250973,0.17017959828812024,2.5293205422937257,Costco Wholesale Corporation,2019,1,HOLD
34740000000,2019,7.351441550013904,-1.8533167589558142,20.374220374220364,0,1,-0.06747231243134211,-0.16898272708624473,0.0779165858316242,-0.13286357105547925,2.3233995584988962,1.5816777041942605,2.3233995584988962,0.3192399049881235,50,0.07458141969112209,-1.8533167589558142,3.046393048933238,1,0,-0.06747231243134211,-0.16898272708624473,-0.8615781435111636,0,0,-4.779535580963223,0,906000000,4507000000,30233000000,1122000000,2.06,12.973517559009787,2.6079447322970637,87.02648244099022,0.059297639608520435,20.799999999999997,6.548463356973988,20.467836257309948,-0.09777195614734602,0.2903402083330331,1,COST,2019-05-12,43752000000,14486000000,3.229706390328152,-0.505345919853692,-0.12441696379520195,0.18244230679463813,0.06254314510561922,0.16198299048000628,0.7011739316961565,Costco Wholesale Corporation,2019,1,HOLD
47498000000,2019,6.950980612911217,36.72423719055844,12.288416075650122,0,0,-0.17582041278095106,-0.14957670065700812,-0.9523280990516838,0.11643748426202424,2.0902461257976297,1.170464904284412,2.0902461257976297,0.44003488879197555,50,-0.4004609371026868,36.72423719055844,-0.4750423567938089,0,0,-0.17582041278095106,-0.14957670065700812,0.01940602642923661,1,0,1.9604368776866332,0,1097000000,6188000000,41310000000,1463000000,2.49,13.027916964924838,2.3095709293022866,86.97208303507516,0.052423259926733766,5.177372962607851,7.804878048780495,4.621848739495804,0.10319110871804327,-0.03894632993528946,0,COST,2019-08-31,45400000000,15243000000,3.080129689671144,-0.21794591923591788,-0.34776629141632664,0.13699409715098643,0.07196746047366004,0.19202210501370973,0.16913541416039446,Costco Wholesale Corporation,2019,1,HOLD
37040000000,2019,5.620348455901225,-22.017769169228174,16.445031280455225,0,0,0.15837714134313519,-0.2156588473385308,-0.5039408133392378,-0.053470633288413665,2.490521327014218,1.6433649289099526,2.490521327014218,0.3401522359657469,50,-1.3306321570099922,-22.017769169228174,-0.9301712199073053,0,0,0.15837714134313519,-0.2156588473385308,-0.06608214668152268,0,0,-4.628323303663673,0,844000000,4807000000,32233000000,1061000000,1.91,12.977861771058317,2.2786177105831533,87.02213822894169,0.051565874730021596,10.039113428943946,8.119658119658112,9.142857142857142,0.2999981308062427,0.09150088375604115,1,COST,2019-11-24,51431000000,15861000000,2.8644708423326133,-0.20079835657851497,-0.12524904826438732,0.26660853079127067,0.05321228169724481,0.16006269439858684,2.0998514284308967,Costco Wholesale Corporation,2019,1,HOLD
39072000000,2020,10.38535427731948,5.48596112311015,18.417942112441278,0,1,-0.15851712724240663,0.375701147839377,-0.8113593928672014,-0.168977175567546,0.664876476906552,0.079484425349087,0.664876476906552,0.8804523424878837,50,4.765005821418256,5.48596112311015,6.095637978428248,1,0,-0.15851712724240663,0.375701147839377,0.5913599951779078,1,0,3.1084941469966987,1,931000000,5016000000,34056000000,1266000000,2.1,12.837837837837837,2.3827805077805078,87.16216216216216,0.05374692874692875,4.724409448818889,7.271171941830623,3.960396039603964,-0.3726944256947675,-0.12880272196296616,0,COST,2020-02-16,48782000000,16614000000,3.2401719901719903,-0.07927081498834987,0.16091755768221905,0.2582161798520337,0.05603707716383773,0.13467391555866107,0.5042589391591741,Costco Wholesale Corporation,2020,1,HOLD
37266000000,2020,7.271157167530218,-4.622235872235869,15.157133586724768,0,0,-0.06596464181744555,-0.07643024166128365,-1.2668130226438166,-0.3044928598175261,2.2649164677804294,1.431980906921241,2.2649164677804294,0.3677555321390938,50,-3.114197109789263,-4.622235872235869,-7.8792029312075185,0,0,-0.06596464181744555,-0.07643024166128365,-0.4521313895006607,0,0,-0.0802843824836863,0,838000000,5017000000,32249000000,1179000000,1.9,13.462673750872108,2.2486985455911555,86.53732624912789,0.05098481189287823,-7.505518763796914,11.31573108497892,-7.766990291262143,0.48915619186232107,-0.35924618670590824,0,COST,2020-05-10,51732000000,16802000000,3.1637417485107067,0.39138423571497505,-0.13343695424878765,-0.06890597837287515,0.04987501487918106,0.11936816175703478,0.6986802494696868,Costco Wholesale Corporation,2020,1,HOLD
53383000000,2020,12.389995368226025,43.248537540922015,20.202202157123228,0,1,0.533380229216891,0.4497681703773284,0.40005990319186147,0.017098719114508845,3.0539956803455723,2.4406047516198703,3.0539956803455723,0.20084865629420084,50,5.118838200695807,43.248537540922015,8.23303531048507,1,0,0.533380229216891,0.4497681703773284,0.5261984120386121,1,0,5.439014755314807,1,1389000000,6982000000,46401000000,1929000000,3.14,13.079070115954517,2.6019519322630797,86.92092988404548,0.05882022366671037,26.618049225159535,12.831286360698124,26.10441767068272,0.05115315102967877,0.29238100296079317,1,COST,2020-08-31,55556000000,18284000000,3.613509918888035,0.15434425974772203,0.3575598164359399,0.2534346730255037,0.07596805950557865,0.20778510647076437,2.570812758318908,Costco Wholesale Corporation,2020,1,HOLD
43208000000,2020,16.65226781857452,-19.06037502575726,23.20853175168953,0,1,0.4451014590930482,-0.3039376174623736,2.5253397979740377,0.12366320330271667,2.270154373927959,1.504288164665523,2.270154373927959,0.33736305251227805,50,4.262272450348494,-19.06037502575726,-0.856565750347313,0,1,0.4451014590930482,-0.3039376174623736,-0.753705787839702,0,0,11.031919362673293,1,1166000000,5750000000,37458000000,1430000000,2.63,13.307720792445842,2.69857433808554,86.69227920755415,0.0608683577115349,38.15165876777251,19.61722488038278,37.69633507853403,0.32985902138752543,0.4199566275023865,1,COST,2020-11-22,60217000000,14860000000,3.3095723014256615,0.6298571521937681,0.6034786004361834,0.5114575112584276,0.0784656796769852,0.19287788677347548,2.08851498292852,Costco Wholesale Corporation,2020,1,HOLD
